name,latitude,longitude
ЕСПУ Гео Милев,42.8368587,22.6523505
СОУ Любен Каравелов,42.6373681,24.360574
ПМГ Акад. Никола Обрешков,42.5001739,27.4716602
Средно училище "Любен Каравелов",42.658336,27.7321529
ОУ Христо Ботев,43.6911767,23.8134036
Частен професионален колеж по спорт "Био фит",42.6621461,23.2870696
НЧ "Димитър Динев" - музикална школа,42.6635127,23.3009795
НЧ "Димитър Динев" - езикова школа,42.665559,23.3014985
Колеж по мениджмънт "Адам Смит",42.6631534,23.2527058
Департамент за информация и усъвършенстване на учители към СУ,42.6629611,23.2526261
ОУ "Константин Костенечки",42.2638843,23.8208547
ОУ "Г. С. Раковски",42.0655556,24.9580556
ПГ по земеделие Кл. Тимирязев,43.4383234,28.3405767
СОУ Стефан Караджа,43.4354308,28.3341264
ПУ Л. Каравелов,43.4347452,28.3446514
ОУ Йордан Йовков,43.4346362,28.3338367
ПГ по строителство, електротехника и услуги,42.9163882,24.2720458
ПГ по горско стопанство и дървообработване Сава Младенов,42.9161213,24.2669192
Езиков център WORDS,42.4941715,27.4725283
Prolet,42.1597529,24.7262136
СОУ "Васил Левски",42.0157773,23.9900602
ТИТ "Алеко Константинов",42.0218532,23.9889832
ОУ ,,Панайот Волов",43.2460624,27.9799515
ПГ по туризъм сгр.2,42.3350797,23.5609832
ХГ "Дамян Дамянов",42.681487,26.3180678
Спортно училище Ген. Вл. Стойчев,42.6734879,23.3775341
ЧПК по мениджмънт,42.6891519,26.318524
Медицински колеж,42.6851656,26.3193488
ПГ по текстил и облекло "Добри Чинтулов",42.6897239,26.3186783
НХГ "Димитър Добрович",42.6787655,26.3280045
ПГ "Христо Ботев",41.3813836,25.0986161
Маестро,43.2055643,27.9216827
ПГ по лека промишленост "Васил Левски",42.029255,24.3031864
Народно основно училище "Йордже Димитровъ",41.6838351,23.8261084
Килийно училище - лето 1820,41.684251,23.8256302
Езикова школа "Панелиника",42.6912115,23.3414562
Езиков център "Success",42.6898087,23.3169015
Educational Centre,42.6915023,23.3232026
НУ "Отец Паисий",43.192341,27.7061519
ЧОУ "Образователни технологии",42.6780127,23.3807993
ДОВДЛРГ Велика и Георги Ченчеви,43.0259956,25.1080306
училище Фарос,42.4968156,27.4740012
ЕСПА,42.6476362,23.2959625
Пловдивска Духовна Семинария,42.1527114,24.751095
Артистична MuzArto Академия,42.6854231,23.2978657
ОУ "Георги Бенковски",42.6952712,23.9889091
Професионална гимназия по облекло "Ана Май",42.1474526,24.7463261
ПГТП гр.Попово,43.3465785,26.221392
ПГСС "Никола Пушкаров",43.3412242,26.2204018
ОУ „Никола Й. Вапцаров“,43.3434168,26.2216733
Основно училище „Димитър Благоев“,41.9034243,24.4829716
ОУ "Св. Св Кирил и Методий",43.3501949,26.2291652
Училище за чужди езици "Биг Бен" Младост,42.6555048,23.3753865
Образователен център "Слънчева пътека",43.0802125,25.607337
Дружба,42.1516175,24.7389878
Vapcarov,44.1179919,27.270905
Социално-Педагогически Интернат "Максим Горки",41.6536826,24.6354549
ОУ " Никола Й. Вапцаров",41.5997922,24.1802324
Незабравка,43.5220754,26.5276801
Училище за чужди езици БИГ БЕН,42.6931911,23.3312053
Фарос,42.6915741,23.3255147
Step by Step,42.6916677,23.3297911
СУ "Св.Св.Кирил и Методий" корпус 2,43.0669881,27.0135686
Helen Doron Sofia West,42.7021261,23.3000097
ОУ "Васил Левски",42.7165448,23.9330026
Maximum English School,42.1397835,24.7498756
ГПЧЕ „Алеко Константинов“,42.8935804,23.9198146
Основно училище "Васил Левски",42.8931915,23.9196554
Европейска академия за обучение и развитие,42.7057658,23.2788724
Обединена школа по изкуства,43.271252,26.9254985
СУ Панайот Пипков,43.1293306,24.7141153
СУ "Св. Климент Охридски",43.1394981,24.7174598
ОУ Христо Никифоров,43.1471645,24.7164129
Професионална гимназия по кожарство, облекло и химични технологии „Марийка и Маринчо Караконови“,43.1408087,24.721639
Професионална гимназия по ветеринарна медицина "Професор д-р Димитър Димов",43.1456971,24.7187037
Езиков център „Ориндж хаус“,43.2033442,27.9148809
Начално училище "Любен Каравелов",42.949043,24.2673933
СОУ "Христо Смирненски",42.0415254,23.8754542
Бивше училище,42.2294111,24.3022138
ОУ "Васил Април",42.1357344,25.1364237
ОУ "Отец Паисий",43.0561383,25.0347492
ОУ "Захари Стоянов",43.2170799,27.9393861
Мария-Жанет,42.6714257,23.2882241
Мария-Жанет,42.671218,23.2880117
Математическа гимназия „Доктор Петър Берон“,43.217073,27.9385496
Мария-Жанет,42.669805,23.2839171
Стефчето,42.6686274,23.2829943
МяСтоТо,42.6663008,23.2948135
Lern,42.6662827,23.2955271
Образователен център "Студио S",42.6649945,23.3023743
ОУ "Гео Милев",42.135796,24.939909
СУ Христо Ботев,42.2887516,23.2660597
Училища "Европа",42.7306558,23.2985109
МУ Колеж по фармация,43.2153592,27.9134838
ВСУ "Захари Стоянов",42.5145689,27.4561965
Училище Хр. Ботев,42.4398253,23.814043
Бивше училище "Христо Ботев",44.0326034,22.7472777
Бивше училище "Васил Левски",44.0293555,22.7603084
Роботика,42.661796,23.362963
Езиков Център ИНТЕРЛЕТЕРА,42.6434779,24.8076633
Учебен Център Елвис Пресли,42.6905135,23.3115807
НУЛЦ - БЧК,42.5956577,23.5086174
СУ "Ангел Каралийчев",43.2298994,25.9628117
Mental Arithmetic of Europe,42.6897896,23.3094478
Театрален колеж Любен Гройс,42.6951844,23.3462141
Каменоделско училище,43.1862764,24.0075122
ОУ Христо Ботев,42.401462,23.0783437
Детска занималня Ян Бибиян,42.1438968,24.7462415
High School Otets Paisii,41.5055566,24.9371914
Първа частна търговска гимназия,43.203016,27.9191996
Академия за музикално, танцово и изобразително изкуство,42.1484906,24.7512427
Валдорфско училище "Проф. Николай Райнов",42.678527,23.356955
Занималня Лукчо,42.7011168,23.2832841
Музыкальная школа,43.5247038,26.5263867
СВ.СВ. Кирил и Методий,42.6474754,26.9871022
Светлина,42.6490532,23.3366583
Св. Св. Кирил и Методий,41.6234904,23.9334562
СОУ ПАИСИЙ ХИЛЕНДАРСКИ,41.4615472,25.1841241
ОУ "П. Р. Славейков",43.2117239,27.9076659
ПМГ "Акад. Методи Попов",43.2118192,27.9077944
Denis Diderot,42.7033394,23.1354295
ОУ "Никола Вапцаров",42.620707,25.3769178
ПГ "акад. Петко Стайнов",42.6215006,25.3767126
ОУ «Св. Св. Кирил и Методий»,43.0463704,27.670233
ОУ "Драган Манчов",42.1300983,24.7058218
ОМГ "Акад. Кирил Попов",42.129739,24.7062529
Smarty Kids,42.1387427,24.7574276
Smarty Kids,42.1242647,24.7224086
Smarty Kids,42.1324146,24.795232
Smarty Kids,42.1405834,24.718101
Smarty Kids,42.1600324,24.7404224
Частна профилирана гимназия "Антонан дьо Сент-Екзюпери",43.2125441,27.9318219
Учебни работилници към ПГ по облекло "Ана Май",42.1598376,24.7381519
СОУ "Отец Паисий",42.3279444,23.5558555
Спортно училище "Никола Велчев",42.3285619,23.5560114
ПГ по земеделие «Земя»,43.2042676,27.442842
ПГХРТ «Цар Симеон Велики»,43.169792,27.4435394
ОУ «Христо Смирненски»,43.1697693,27.4431643
СУ "Димитър Благоев",43.1771823,27.4417297
ОУ Христо Ботев,42.4677322,24.4837322
Професионална гимназия по телекомуникации,42.6553481,23.3478535
школа,43.0232187,27.8762516
ОУ «Доктор Петър Берон»,43.1104989,27.8281228
ОУ Отец Паисий,43.2133906,27.8856339
ОУ Георги Стойков Раковски,43.2040866,23.1605704
СОУ "Христо Ботев",41.8345307,24.8298298
Професионална Техническа Гимназия,43.2208025,27.9012048
Професионална Техническа Гимназия,43.2209121,27.9002671
ОУ Св. Св. Кирил и Методии,43.2307792,24.3943505
ОУ Христо Ботев,43.3283055,24.0674077
ОУ Любен Каравелов,43.1999038,24.3191895
ОУ "Любен Каравелов",43.8492297,25.9490166
Средно училище "Христо Ботев",41.8339791,25.3307404
Средно училище "Христо Ботев",41.8371576,25.3310904
ОУ "Максим Горки",41.6881575,25.4996967
СОУ Йордан Йовков,42.5271992,27.4616602
СОУ Добри Чинтулов,42.5274878,27.4614832
Спортно училище Юрий Гагарин,42.5138967,27.4684891
Детски образователен център „SUNNY“,42.5220583,27.4628695
33 Езикова гимназия „Света София“,42.7116443,23.2957279
45 ОУ „Константин Величков“,42.7113488,23.2964379
Зелена класна стая,42.6337625,23.2259559
Езиково училище Уилям Шекспир,42.1518921,24.7494525
СУ "Васил Левски",43.2740609,26.9565785
Христо Ботев,42.7393962,26.6310872
Deutsch korrekt,42.6710248,23.2899937
СУ Христо Ботев,41.4957112,25.2999095
СУ "Хан Исперих",43.3422964,27.1913738
ПГ по Химични Технологии и Дизайн "проф. д-р Асен Златаров",43.3426046,27.191862
Откривател,42.6738411,23.3131323
ЧУ Артис,42.6481921,23.3746722
ПГ по Компютърно Моделиране и Компютърни Системи "Акад. Благовест Сендов",43.2240563,27.9381173
Мари-Жанет,42.6700552,23.2842359
Милеа,42.6751608,23.288363
ОУ „ Княз Александър I “,42.1526755,24.748693
ГХП Св.Св. Кирил и Методий,42.1526407,24.7482906
Професионалната гимназия по компютърно моделиране и компютърни системи „акд. Благовест Сендов“,43.2228921,27.9370871
ОУ Св. Св. Кирил и Методий,43.8633628,26.1016185
13 СУ „Св. Св. Кирил и Методий“,42.7029317,23.3210827
5 Вечерно СУ „Пеньо Пенев“,42.7028275,23.3217037
Stemy,42.670297,23.3330049
ОУ Васил Левски,43.2477621,24.4820479
СУ "Васил Априлов",43.4697028,24.5303737
ОУ "Христо Смирненски",42.129243,24.5399552
Свети Кирил и Методи,42.8380902,27.313464
Светилник,42.6523738,23.376426
ПМГ „К. Величков“,42.1882816,24.3291342
ПГ „И. С. Аксаков“,42.1881764,24.3289852
Детско царство,42.6640574,23.3962991
89 ОУ Д-р Христо Стамболийски,42.6653483,23.3961104
69 СОУ Димитър Маринов,42.6666509,23.3962872
79 СУ „Индира Ганди“,42.7127871,23.2632887
27 СУ „Акад. Георги Караславов“,42.712534,23.2520986
40 СУ „Луи Пастьор“,42.7181491,23.2651612
56 СУ „Проф. Константин Иречек“,42.7217247,23.260875
97 СОУ Братя Миладинови,42.7131979,23.2407507
ЧСОУ Дружба,42.7451727,23.2724437
96 СОУ с изучаване на чужди езици Лев Н. Толстой,42.7168517,23.2440099
33 ОУ "Санкт Петербург",42.7205377,23.2477796
88 СУ Димитър Попниколов,42.6859347,23.2608398
ЧСОУ Евростар,42.6900108,23.2903754
163 ОУ Черноризец Храбър,42.6454744,23.4049995
68 СОУ "Акад. Н.Обрешков",42.6537056,23.4019488
ПГ по дървообработване “Г.Кондолов”,42.4880747,27.4466571
Любен Каравелов,43.9970346,22.8707424
8 СУ „П. Р. Славейков“,44.0022552,22.8838007
2-ро ОУ Стефан Пешев,43.0231423,25.1008434
Национална финансово-стопанска гимназия,42.6833713,23.3260198
35 СОУ "Добри Войников",42.6826868,23.3279825
90 СУ „Ген. Хосе де Сан Мартин“,42.7252804,23.2541401
ОУ Св. Св. Кирил и Методий,42.7812125,23.1128876
ПГ по транспорт и енергетика „Хенри Форд“,42.7120177,23.2879577
ОУ "Неофит Рилски ",43.404855,25.873906
ОУ Черноризец Храбър,43.2246072,27.9261155
Английска езикова гимназия Гео Милев,42.5287003,27.4665982
Гимназия по сградостроителство и исталации Пеньо Пенев,42.5143597,27.4686253
Немска езикова гимназия Гьоте,42.5146233,27.4702284
ОУ Братя Миладинови,42.5060785,27.465343
Гимназия за романски езици Георги С. Раковски,42.4993644,27.4716556
ОУ "Александър Георгиев - Коджакафалията",42.501514,27.4710725
Музикално училище Панчо Владигеров,42.502161,27.4617158
Гимназия по строителство, архитектура и геодезия Колю Фичето,42.5074049,27.4688027
Университет Проф. Д-р Асен Златаров Медицински колеж,42.5087362,27.468775
Гимназия по механоелектротехника и електроника,42.5066178,27.4690854
Професионална гимназия по туризъм "Асен Златаров",42.5063089,27.4692269
СОУ "Св. Св. Кирил и Методий",42.4971447,27.472997
Търговска гимназия,42.4915934,27.4746809
ОУ Любен Каравелов,42.498901,27.463531
ПГЕЕ К. Фотинов & СОУ Иван Вазов,42.4974628,27.4688242
ОУ Св. Климент Охридски,42.5206474,27.464363
ОУ ''Георги Бенковски'',42.5176591,27.4679349
СОУ Димчо Дебелянов,42.5146356,27.4561107
ОУ Антон Страшимиров,42.5194789,27.4506172
НБУ Михаил Лъкатник,42.5214864,27.4483009
СОУ ''Константин Преславски'',42.5229913,27.4519433
ОУ Пейо Яворов,42.5090098,27.4717754
ОУ "Св. Княз Борис 1",42.4948562,27.4675121
ПУ Отец Паисий,42.5035096,27.4676823
ОУ Васил Друмев,43.2118709,27.9285721
ОУ "Константин Арабаджиев",43.2087035,27.9005202
ОУ "Г.С.Раковски",43.2167079,27.9342398
I ЕГ,43.2248421,27.9159618
3 ОУ Ангел Кънчев,43.2254745,27.9142979
7 СОУ "Найден Геров",43.2164331,27.9251089
Професионална гимназия по електротехника,43.2225885,27.9022489
Спортно училище Георги Бенковски,43.2178205,27.9436075
ОУ "Христо Ботев",43.6903161,23.8132752
ОУ "Васил Априлов",43.2140001,27.9108778
60 ОУ "св.св. Кирил и Методи",42.7414545,23.3451587
120 ОУ "Георги Сава Раковски",42.6837766,23.3255592
Девето ОУ „Веселин Ханчев“,42.4304076,25.6400145
Второ ОУ "Петко Рачов Славейков",42.4282504,25.6236235
ПГМТ „Никола Вапцаров“,42.4308651,25.6365438
ПГЕТ „Георги Раковски“,42.4315788,25.6396383
СУ „Максим Горки“,42.4273864,25.6221923
Шесто ОУ „Свети Никола“,42.4221122,25.6238178
ПГОХ "Райна Княгиня",42.4249957,25.6237072
ППМГ „Гео Милев“,42.4322498,25.627492
СУ „Васил Левски“,42.4252361,25.633088
ГПЧЕ „Ромен Ролан“,42.4285261,25.628705
ОУ "Петко Р. Славейков",42.1387615,24.7683529
15 СУ „Адам Мицкевич“,42.7281245,23.3082812
ОУ „Самара“,42.429061,25.6519546
Пето ОУ „Митьо Станев“,42.4224972,25.6170189
Търговска гимназия „Княз Симеон Търновски“,42.4267897,25.6343363
Професионална гимназия по компютърни науки и математически анализи "Минко Балкански",42.4268796,25.6460977
Начално училище "Димитър Благоев",42.426715,25.6377189
СУ „Иван Вазов“,42.4248191,25.6382514
ПГ по електроника "Джон Атанасов",42.4255002,25.6500526
ОУ Климент Охридски,41.8205213,23.5636264
СУ "Неофит Рилски",41.8404144,23.4878253
НУ "Отец Паисий",41.8357369,23.4859238
Четвърто ОУ „Кирил Христов“,42.4332447,25.6337267
СУ „Христо Ботев“ / Първо ОУ „Георги Бакалов“,42.4294584,25.6181196
ПГСАГ „Лубор Байер“,42.4272502,25.6282497
Дванадесето ОУ „Стефан Караджа“,42.4326873,25.6056313
ПГСД „Инж. Недьо Ранчев“,42.4238613,25.6066732
ОУ „Георги Райчев“,42.4230824,25.6027463
Единадесето ОУ „Николай Лилиев“,42.4166591,25.6047558
Тринадесето ОУ „Св. Паисий Хилендарски“,42.415834,25.6121873
ПГ по ветеринарна медицина "Иван Павлов",42.4088082,25.6398911
СУ "Железник",42.4124702,25.5863174
СОУ "Стоян Загорчинов",42.1381089,24.7459853
СОУ "Климент Охридски",42.1367526,24.7387151
СОУ "Патриарх Евтимий",42.1394313,24.7486982
Национална Търговка Гимназия,42.1426595,24.7403027
21 ОУ "Алеко Константинов",42.1463959,24.7420246
СОУ "Черноризец храбър",42.1415592,24.7945075
СОУ "Димитър Матеевски",42.1387199,24.795446
Спортно СОУ "Васил Левски",42.1465981,24.7168333
7 ОУ,42.5993138,23.0328961
Гимназия по пластични изкуства и дизайн "Акад. Д. Узунов",42.6269346,25.3968269
ОУ "Васил Левски",42.1962713,25.3280682
ОУ "Асен II",42.1921357,25.33176
ПГ по кожени изделия и текстил,42.1666607,24.7457104
СОУ "Христо Данов",42.16182,24.7502316
СОУ "Никола Вапцаров",42.1628521,24.7563588
СОУ "П. Яворов",42.1600938,24.7391955
ОУ "Васил Левски",42.5807371,25.3701967
137 ОУ Ангел Кънчев,42.725875,23.2597294
140 СУ Иван Богоров,42.7459842,23.2749443
12-то СОУ "Елисавета Багряна",42.6886955,26.3452544
11 СОУ "Константин Константинов",42.6792334,26.3486985
8 СОУПЧЕ,43.2112434,27.9145716
ОУ „Васил Левски“,42.1424285,24.7657695
ОУ "Душо Хаджидеков",42.1391293,24.7559453
СОУ "Паисий Хилендарски",42.141382,24.7580461
ОУ "Паисий Хилендарски",42.2571994,26.6301059
ПГ по МСС "Че Гевара",42.2556306,26.6239242
ОУ "Димчо Дебелянов",42.1559127,24.79022
СОУ "Найден Геров",42.1522376,24.7822453
СОУ "Симон Боливар",42.1529421,24.7907947
ОУ "Васил Петлешков",42.1356429,24.7139438
СОУ "Антим I",42.1402182,24.7363467
СОУ "Св. Св. Кирил и Методий",42.1317252,24.7095269
Начално училище „Зора“,42.4304108,25.6847065
ОУ Христо Ботев,42.3438425,24.8081025
92 ОУ Димитър Талев,42.6933553,23.2809818
ОУ Йордан Йовков,43.2160386,27.9066667
ОУ "Св. Св. Кирил и Методий",42.3939385,26.3010555
Професионална гимназия по компютърно програмиране и иновации (ПГКПИ),42.4556753,27.4002312
2 ОУ "Паисий Хилендарски",42.2921578,25.9330372
СОУ "Антим I",41.381569,25.0990431
ОУ "Васил Левски",41.3820773,25.0902608
Гимназия по битова техника,42.145411,24.7540264
ОУ "Гео Милев",42.1468255,24.7535482
Музикална академия,42.1476464,24.7505666
Спортна Зала ПМГ,41.9350877,25.5643375
ПМГ "Акад. Боян Петканчин",41.9353044,25.5636056
ОУ "Неофит Рилски",42.1059263,24.8478561
Начално училище "Свети Климент Охридски",42.2069028,25.3215639
НЧ "Димитър Данаилов",42.2010038,25.3218977
93 СОУ Александър Тодоров-Балан,42.6818135,23.3622474
ОУ "Отец Паисий",43.4295295,23.7529308
Гимназия по Транспорт "Коста Петров",43.4260333,23.7505841
ОУ Св. Св. Кирил и Методий,42.820462,27.8801663
ПГ по земеделие,43.7077136,28.0325925
СОУ Никола Й. Вапцаров,43.6991899,28.038032
ОУ Христо Смирненски,43.6970431,28.036986
23-та ЦДГ "Кипарис",42.4314778,25.6206217
Христо Смирненски,42.1520761,24.740244
ОУ "Райна Княгиня",42.1565419,24.7324983
ПГ по лесотехника "Никола Й.Вапцаров",41.8396275,23.4910484
ПГ по Електротехника,41.8420774,23.4917904
ПГ по селско стопанство и туризъм,41.8407616,23.4935123
132 СУ Ваня Войнова,42.6776692,23.2760648
25 ОУ Д-р Петър Берон,42.6813102,23.2860356
СОУ "Цветан Спасов",43.4115177,24.6194542
ОУ "Васил Левски",43.4027092,24.6222386
СОУ Христо Смирненски,43.4082818,24.6314611
СОУ "Пейо Яворов",43.4194386,24.5956112
ПГ по Транспорт "Проф. Цветан Лазаров",43.4186245,24.593518
МГ "Гео Милев",43.4195751,24.5928258
Техникум по Строителна Механизация,43.418609,24.593561
Помощно училище "Любен Каравелов",42.4306904,25.6280305
ОУ "Йордан Йовков",43.4006747,24.6200768
СУ "Елин Пелин",43.2083801,27.8958362
ЦДГ „Пролет“,42.4302637,25.6247007
Христо Ботев,42.5425683,25.579301
14 СУ „Проф. д-р Асен Златаров“,42.7093511,23.3110378
НУ "Христо Ботев",42.1606641,24.7435356
ОУ "Панайот Волов",42.1616982,24.7212475
ПГ по хранителни технологии,42.1667265,24.7243521
СОУ "Йордан Йовков",42.1628361,24.7454251
Професионална Гимназия по Електротехника и Електроника,42.1412194,24.7289298
ПГ по машиностроене,42.1197245,24.7404965
ОУ "Димитър Талев",42.1232702,24.733925
СУ „Св. Константин-Кирил Философ“,42.1282955,24.736334
СОУ "Св. Седмочисленици",42.1275006,24.7767702
СОУ "Софроний Врачански",42.130174,24.7894743
ПГСС "Васил Левски",42.1046465,25.2412597
ОУ "Св.Св. Кирил и Методий",42.1021933,25.2225924
ОУ "Петър Берон",42.1482009,24.7340464
СОУ "Кочо Честеменски",42.1465718,24.7274541
СОУ "Цар Симеон Велики",42.1504535,24.7267894
ОУ "Антим І",43.4279385,28.1603539
2 ОДЗ "Знаме на мира",43.4299877,28.1611049
Природо-математическа гимназия "Иван Вазов",43.5640123,27.8280863
ОУ "Отец Паисий",43.5667659,27.8333377
СОУ "Любен Каравелов",43.5707249,27.8488466
ОУ "Н. Й. Вапцаров",43.5740713,27.8303447
ОУ "Панайот Волов",43.5739354,27.8448383
ОУ "Йордан Йовков",43.5766013,27.8374579
СОУ "Дора Габе",43.560427,27.8479175
ОУ "Бачо Киро",43.5725067,27.8385346
СОУ Св. Климент Охридски,43.5639976,27.8423493
СОУ "Димитър Димов",42.1591491,24.7265702
СОУ "Братя Миладинови",42.1311896,24.750743
ОУ "Георги Бенковски",42.1324499,24.7627017
ПГ по туризъм "П. К. Яворов",43.5668151,27.8313693
199 Oсновно училище "Св. Ап. Йоан Богослов",42.7137513,23.3773331
СОУ "П. Р. Славейков",43.5649792,27.8212597
Езикова гимназия "Гео Милев",43.5663811,27.8193044
ОУ "Стефан Караджа",43.566604,27.8190952
ОУ "Христо Ботев",43.5700383,27.8199634
Спортно училище "Г.С. Раковски",43.565564,27.8430549
ОУ "Христо Смирненски",43.5688759,27.8330316
Хуманитарна гимназия "Св. Св. Кирил и Методий",43.573622,27.8223075
СОУ "Димитър Талев",43.5715992,27.8433042
ПУ "Д-р Петър Берон",43.568675,27.8243323
ОУ "Хан Аспарух",43.5538939,27.8327269
ОУ Св. Св. Кирил и Методий,43.2126563,27.6455663
134 СУ „Димчо Дебелянов“,42.701585,23.308482
18 СУ „Уилям Гладстон“,42.7009718,23.3122635
101 СУ Бачо Киро,42.7270381,23.2945726
СУ "Христо Смирненски",42.4258769,25.6076517
Музикално училище "Христина Морфова",42.4211871,25.6081596
ОУ "Св. Св. Кирил и Методий",43.5191461,27.7657689
Спортно училище "Тодор Каблешков",42.3983341,25.6423723
Начално училище „Кольо Ганчев“,42.3961978,25.6406191
ОУ "Св.Св.Кирил и Методий",42.262325,25.3213687
ОУ "Св. Климент Охридски",43.2956057,27.7678896
ПГ за КОС " Алеко Константинов",43.4093783,28.1429632
Софийска професионална гимназия по електроника "Джон Атанасов",42.6710528,23.3611403
16 ОУ Райко Жинзифов,42.7263222,23.2995074
СОУ Отец Паисии,41.6433674,25.3731065
Основно училище "Христо Смирненски",43.2961073,27.8535685
74 СУ Гоце Делчев,42.7366582,23.2884142
СУ за деца с нарушено зрение „Луи Брайл“,42.7377893,23.2872176
ОУ "Св. Климент Охридски",42.5828454,23.1635544
ОУ "Св. Св. Кирил и Методий",43.4161447,28.1653965
СОУ "Христо Ботев",43.4115644,28.1668384
ОУ "Христо Ботев",42.6702374,25.4070791
Училище,44.1342655,22.8486685
3 ЦДГ "Чайка",43.4138753,28.1648104
Общински Детски Комплекс,43.4069087,28.1623837
127 СОУ "Иван Денкоглу",42.6907521,23.3207477
41 ОУ "Св. Патриарх Евтимий",42.6927406,23.3164129
20-то ОУ "Тодор Минков",42.688946,23.315733
ПГ по електротехника и автоматика,42.6719521,23.2720571
СОУ "Йордан Йовков",44.0492956,26.61546
СОУ "Христо Ботев",44.0422781,26.6145999
НУ "Отец Паисий",42.1908575,24.3251681
Езикова гимназия "Бертолт Брехт",42.2006764,24.3371072
ПГ МЕТ,42.1978131,24.3255266
НУ "Г. С. Раковски",42.1912371,24.3511483
СОУ "Георги Бенковски",42.199206,24.3199909
ПГ по облекло,42.1876221,24.3272311
ОУ "Св. Св. Кирил и Методий",42.6417257,24.8016575
НУ "Васил Друмев",42.1888211,24.3366341
52 ОУ "Цанко Церковски",42.6508382,23.2646219
СОУ "Георги Брегов",42.1975485,24.3336368
7 ОУ "Христо Ботев",42.1849252,24.3373836
Проф. д-р Асен Златаров,42.1426543,24.7668359
Финансово-стопанска гимназия "Васил Левски",43.5654342,27.8333031
ПГ по текстил и кожени изделия,42.6902825,23.291183
Първо помощно училище "проф. дпн Георги Ангушев",42.7039128,23.2921956
Св. Св. Кирил и Методий,42.2320222,24.7271118
ПМГ "Св. Климент Охридски",44.1168875,27.2574489
ОУ "Христо Ботев",42.1573458,24.3108572
ОУ "Христо Ботев",42.6095391,24.9822596
ЧСОУ Рьорих,42.6276097,23.309966
ОУ  Св.Константин Кирил Философ,42.6120775,23.0654469
СОУ "Пенчо Славейков",42.1569059,24.7804729
ОУ "Никола Вапцаров",42.6418654,24.8104221
П.Г. "Евлогий и Христо Георгиеви",42.6448762,24.802349
"Васил Левски",42.6391088,24.8043373
ПГ по Транспорт,42.1466784,24.7679719
ПГ по механотехника "Проф. Цв. Лазаров",42.126206,24.7522898
IV ЕГ Жолио Кюри,43.218218,27.9513026
Професионална гимназия по химични и хранително-вкусови технологии "Д. И. Менделеев",43.2187043,27.9530096
ОУ "Христо Ботев",43.7549894,28.1055427
СОУ "Христо Проданов",42.645882,24.7958897
ГПЧЕ "Иван Вазов",42.1559521,24.7164422
Езикова гимназия "Пловдив",42.1559634,24.7163421
ОУ „Чудомир“,42.619616,25.4064178
ОУ Христо Смирненски,43.2183018,27.8245245
ФЕГ „Антоан дьо Сент-Екзюпери”,42.1631371,24.7401166
Училище по сценични изкуства,42.1434865,24.7547908
Средно Общообразователно Училище "Неофит Рилски",42.6997087,25.8926085
ПГВАД "Христо Ботев",42.1420508,24.7396354
ОУ "Христо Смирненски",43.8240905,27.1430481
Международното Френско училище във Варна,43.2294492,28.0069695
ОУ "Никола Вапцаров",42.6266038,25.1625582
44 ОДЗ Калина,42.7404629,23.5082008
ЦДГ,42.7197989,23.5282181
П. Р. Славейков,42.0470443,24.4693193
ОУ "Яне Сандански",42.1255401,24.7419724
1 ОУ,42.8199888,23.2259657
58 ОДЗ,42.7353095,23.4692814
НУ "Братя Миладинови",42.1298371,24.7527576
НУ "Св. Климент Охридски",42.1277099,24.7481689
ОУ "Ангел Кънчев",42.0061624,24.8687889
СОУ "Св. Св. Кирил и Методий",42.0144051,24.8600874
ОУ "Никола Вапцаров",42.0140512,24.8842498
ОУ Отец Паисий,42.0069312,24.8812621
ОУ "Христо Ботев",42.0043201,24.8749576
АМТИ,42.1485457,24.751125
ОУ "Виктория и Крикор Тютюнджан",42.1503224,24.7515735
Жълтото Училище,42.1475867,24.7515831
ОУ "Захари Стоянов",42.1021902,24.7038344
89 ЦДГ,42.7857055,23.2708125
ЧОУ Дъга,42.7115791,23.1403232
ЧНУ Фоти,42.7077388,23.1395202
ЧСУ „Цар Симеон Велики“,42.7097583,23.1866648
181 ЦДГ,42.5375098,23.3696183
152 ОУ,42.6034982,23.175001
182 ЦДГ,42.5432253,23.4942323
131 ЦДГ,42.7312039,23.5541901
НУ Неофит Рилски,42.3378338,23.5516913
ПГ по туризъм сгр.1,42.3382721,23.5528122
НУ Станислав Доспевски,42.3319606,23.5567611
ОУ "Христо Максимов",42.3425958,23.5604549
ОУ Авксентий Велешки,42.3371913,23.5621492
ПГ "Константин Фотинов",42.3345106,23.5591647
119 СУ "Акад. Михаил Арнаудов",42.6748128,23.3538364
Професионална гимназия по фризьорство и козметика "Княгиня Евдокия",42.6724054,23.3547964
Национален център за подготовка на ученици за олимпиади,42.6714627,23.3526789
ЧДГ, ЧОУ, ЧЕГ Д-р Мария Монтесори,42.675618,23.2296279
138 СУ Проф. Васил Златарски,42.6787122,23.3581758
ПГ по строителство, архитектура и геодезия "Васил Левски",43.2279966,27.872539
ПГ по сградостроителство "Кольо Фичето",43.2280724,27.8729324
202 ОУ Христо Ботев,42.5411496,23.5018455
83 ОУ Елин Пелин,42.5962947,23.4085361
ОУ Патриарх Евтимий,43.2442098,27.8537665
12 СОУ "Цар Иван Асен II",42.68731,23.3474311
133 СОУ "А.С.Пушкин",42.6930987,23.3318055
6 ОУ "Граф Н.П. Игнатиев",42.6914447,23.3260399
7 СОУ "Свети Седмочисленици",42.6906784,23.3289759
Национална търговско-банкова гимназия,42.6810562,23.3150416
112 ОУ „Стоян Заимов“ / Първа английска гимназия,42.6980233,23.3378729
Втора английска езикова гимназия Томас Джеферсън,42.6750334,23.299406
31 Средно училище за чужди езици и математика "Иван Вазов",42.6864392,23.3531972
105. СУ "Атанас Далчев",42.6655227,23.351203
8. СУ „Васил Левски“,42.6628591,23.3653587
55 СУ „Петко Каравелов“,42.657236,23.3600971
38 ОУ "Васил Априлов",42.6926364,23.3414505
Американски колеж Аркус,43.0861939,25.6341132
Дом за деца на железничари,43.0794775,25.6454338
Основно училище "Димитър Благоев",43.0819191,25.6287714
Професионална гимназия по туризъм "Д-р Васил Берон",43.0815195,25.6288797
Основно училище "Св.Патриарх Евтимий",43.0770233,25.6283459
Професионална гимназия по сградостроителство "Кольо Фичето",43.0747992,25.6261583
Колеж по икономика и счетоводство,43.0754868,25.6264216
ПГСАГ „Ангел Попов”,43.0747839,25.6245109
Природо-математическа гимназия „Васил Друмев“,43.0771271,25.6219247
ОУ „Бачо Киро”,43.076198,25.6151954
Езикова гимназия "Проф. д-р Асен Златаров",43.0725754,25.6218906
Професионална гимназия по електроника „А. С. Попов“,43.0757466,25.6072623
СОУ "Емилиян Станев",43.0765798,25.6081997
СОУ „Георги Стойков Раковски”,43.0711665,25.6050891
СОУ Вела Благоева,43.0693911,25.6095842
Помощно училище "Св. Теодосий Търновски",43.0870558,25.6502976
Хуманитарна гимназия Св. Св. Кирил и Методий,43.080805,25.6456095
Основно Училище "Петко Рачев Славейков",43.0802648,25.6214669
ЧПГ по Мениджмънт,43.0748456,25.6259986
СОУ "Владимир Комаров",43.0631895,25.5997136
ПГ по Моден Дизайн,43.0889022,25.6537547
Математическа гимназия "Баба Тонка",43.8443833,25.9507785
Aнглийска гимназия "Гео Милев",43.8577486,25.9650825
ЧЦДГ,42.6523252,23.3343853
ОУ “Ив.С.Тургенев”,43.5151822,26.5207538
ОУ "Цар Симеон I",43.2122421,27.9019818
у-ще Иван Вазов,43.545921,26.4743047
училище,43.4319626,23.8679523
ЦДГ № 7 “В.Левски”,43.5332433,26.5248146
ЦДГ,43.5432323,26.4736867
ЧСОУ "Делфините",42.4524195,25.496154
училище,43.3560804,23.8309191
ЦДГ № 4 “М.Палаузов”,43.5285096,26.5244855
ОУ "Кирил и Методий",41.5035359,24.7359312
ОУ "Св. Иван Рилски",41.9378623,25.5553764
СОУ "Васил Левски",41.9346056,25.5521448
Бившата гимназия,42.9291037,25.8762953
СОУ Васил Левски,43.4705922,23.9374091
ПАГ Никола Й. Вапцаров,43.4714178,23.932498
ПГ Атанас Дамянов,42.6302529,25.7876118
ПГ по облекло "Иванка Ботева",42.6126755,24.9757656
ОУ "Любен Каравелов",41.9412806,25.5431149
ПЛ по селско стопанство,42.4977336,25.9973099
ПГЛП "Райна Княгиня",41.9371172,25.5552847
ОУ "Климент Охридски",41.9329674,25.5471465
Професионална гимназия „Генерал Владимир Заимов“,42.6570415,24.7455187
Професионална гимназия „Генерал Владимир Заимов”,42.6577405,24.7456284
Техникум - механизация на селското стопанство "Иван Райков",41.9310527,25.5456822
Тракийски университет - Стара Загора,41.9319369,25.5674423
ПГМЕТ "Стойчо и Кица Марчеви",41.9317645,25.567293
Спортно училище "Стефан Караджа",41.9313584,25.5665422
ПГМЕТ "Стойчо и Кица Марчеви",41.9309509,25.5677675
ГПЧЕ „Йордан Радичков“,44.0023708,22.884342
Помощно училище интернат акад. Т. Самодумов,42.5029892,26.0136526
Софийска математическа гимназия „Паисий Хилендарски“,42.7016832,23.3326167
149 СУ Иван Хаджийски,42.6856897,23.2474056
37 СУ „Райна Княгиня“,42.7194828,23.272399
Частно немско училище "Deutsche Schule",42.6815826,23.2396254
ОУ "Неофит Рилски",42.9938806,25.6249844
НУ Любен Каравелов,42.2394129,27.7744105
Бивше ТВУ "Христо Ботев",42.4077086,25.3458264
Училище,42.4551301,25.2337992
Училище,42.2965731,25.7486618
Бившо училище,42.1997332,25.6395257
Училище,42.1554849,25.6338353
ОУ "Христо Смирненски",42.0966072,25.6235836
1-во ОУ "Свети Климент Охридски",42.2928158,25.9258989
142 ОУ Веселин Ханчев,42.6734084,23.2802707
ПГ по Енергетика и електротехника,42.1516773,25.8830138
Второ Основно училище "Христо Ботев",42.1462549,25.8738313
СОУ "Васил Левски",42.1372308,25.8719932
1 ОУ "Свети Паисий Хилендарски",42.1425642,25.862487
124 Основно училище "Васил Левски",42.6973212,23.3706797
Училище "Св.Св.Кирил и Методий",42.6083969,25.6837486
Начално училище "Св.Св.Кирил и Методий",42.6206827,25.772139
Училище "П.К.Яворов",42.5855881,25.4702644
Основно училище "Д-р Петър Берон",42.5774622,25.4478298
ПГ по селско стопанство "Гео Милев",42.6030366,25.5467241
ПУ за деца с увреден слух "Д-р Петър Берон",42.6121026,25.5399475
ОУ "Христо Ботев",42.6075773,25.54441
Училище (вече бившо),42.5331181,25.4955867
Училище (вече бившо),42.5417673,25.4496564
Дом за деца "Мария Луиза",42.5788357,25.3670729
Професионална гимназия по транспорт Макгахан,42.6922186,23.3594293
Старото училище,42.5626589,25.4155649
ОУ "Св.Св.Кирил и Методий",42.7136509,25.3345025
23 СОУ Фредерик Жолио-Кюри,42.6946952,23.3555457
Основно училище "Свети Климент Охридски",42.6675208,25.376635
Основно оздравително училище "Св.Иван Рилски,42.4948055,24.7053302
ОУ Васил Левски,42.5153043,24.7163225
СОУ Христо Смирненски,42.5070269,24.7083204
ОУ "Свети Климент Охридски",42.5759905,25.3147917
ОУ "Доктор Петър Берон",42.6854899,25.3186946
ОУ "Свети Паисий Хилендарски",42.6702296,25.3503697
ОУ "Христо Ботев",42.6331873,25.2349891
ОУ "Васил Левски",42.6483627,25.2147153
ПГ по ресторантьорство и хотелиерство,42.5937295,25.2109
СОУ "Христо Ботев",42.5932641,25.2096397
Бившото училище,42.664922,25.2535987
ОУ "Генерал Скобелев",42.6775684,25.1925645
НУ "Христо Смирненски",42.6557696,25.1980445
ОУ "Просвета",42.6532591,25.0795288
Училище,42.6189587,25.1145883
Училище,42.4072482,25.7441765
Училище,42.3378793,25.7628879
ПМГ "Васил Левски",41.5672714,24.7348995
ОУ "Св.СВ.Кирил и Методий",42.357225,25.8364137
Училище,42.4404787,25.8465451
Национална Професионална Гимназия по Прецизна Техника и Оптика "М. В. Ломоносов",42.7043975,23.3142069
Бившо училище,42.4306169,25.8974621
Училище,42.4989442,25.8499946
ОУ "Д-р Петър Берон",42.5125608,25.913753
Училище,42.5259546,25.9308743
Училище,42.5251778,25.9550144
ОУ "Георги Бенковски",42.6263206,25.063979
ОУ "Христо Ботев",42.599041,25.0308744
6 ОУ и ГПЧЕ "Иван Вазов",41.576382,24.7079589
II ОУ “Проф. д-р Асен Златаров”,41.5701911,24.7301773
ПГ по приложни изкуства,41.566837,24.7385706
7 СОУ "Отец Паисий",41.5773367,24.7160491
ОУ "Христо Ботев",42.5937215,25.0898763
ОУ "Христо Ботев",42.5630924,27.5236041
Бивша ПГ по строителна керамика,42.2189397,25.2317011
Основно училище "Св.Св.Кирил и Методий",42.216166,25.22863
Основно училище,42.2078546,25.1706382
Професионална гимназия по лозарство и винарство "Христо Ботев",42.0588386,24.5452966
Основно училище "Христо Смирненски",42.2896507,24.9668495
Основно училище "Христо Ботев",42.2709254,24.9385265
ОУ Капитан Петко Войвода,43.1630296,27.9372281
ОУ „Св. Св. Кирил и Методий”,42.3287916,23.5618513
СУ Иван Вазов,42.5586004,27.6437846
109 ОУ “Христо Смирненски”,42.6893225,23.3694592
ОУ "Христо Ботев",43.1142294,27.666378
ПМГ "Никола Обрешков",42.6218233,25.3944359
Основно училище "Капитан Андреев",41.7219403,26.320781
СОУ "Христо Ботев",41.5287913,26.1261026
ОУ Васил Априлов,43.8515807,25.9952562
Основно училище,42.2779093,25.9027511
Мюсюлманско училище,43.8420008,25.9481588
Основно училище,42.2911626,25.8069035
Основно училище,42.1976618,25.9189031
Основно училище,42.3408106,25.9002474
Основно училище,42.3535283,25.9633741
ОУ "Св.Св.Кирил и Методий",42.1350545,25.9384962
ОУ Н. Вапцаров,42.2686701,27.7546419
Основно училище,42.2994391,26.1649882
Основно училище,42.3548224,26.0878238
Основно училище,42.5748274,25.7446909
Начално училище "Васил Левски",42.5876753,25.8133135
ОУ Св. св. Кирил и Методий,42.6034994,25.8482528
Основно училище,42.2993901,26.0895153
Основно училище,42.4150884,26.0592226
Бившо основно училище,42.2466755,25.3483231
ОУ Хр. Смирненски,43.4074316,28.4098419
Основно училище,42.1333472,25.4959614
Старата гимназия,41.3826147,25.0905748
Общински детски комплекс,41.3814172,25.0965557
144 СУ „Народни будители“,42.642605,23.3774961
81 СУ „Виктор Юго“,42.642605,23.3774961
Меридиан 22,42.6440026,23.3711217
128 СУ Алберт Айнщайн,42.6431634,23.3706016
СОУ "Васил Левски",43.8213626,27.1427997
СОУ "Възраждане",43.8529621,25.9669395
Основно училище "Отец Паисий",43.9554431,27.0090748
Училище,44.0227575,26.8861781
ПГХТБТ "Мария Кюри",43.5151832,26.5207577
39 СУ Петър Динеков,42.6413469,23.3698185
СОУ "Николай Катранов",43.6180077,25.3493555
СОУ "Отец Паисий",43.8529209,25.9568734
ОУ "Г. С. Раковски" и ПУ по селско стопанство,44.0279219,27.018585
Основно училище "Св. Св. Кирил и Методий",43.8095678,27.1156875
Неофит Рилски,41.5235588,23.3928989
Професионална гимназия по облекло, обслужване и транспорт (ПГООТ),43.8239703,27.138885
118 СУ Людмил Стоянов,42.6593503,23.3756842
ОУ "Иван Вазов",43.9977928,26.8236753
143 ОУ "Георги Бенковски",42.7019994,23.3560112
42 ОУ "Хаджи Димитър",42.7060669,23.3443633
ОУ "П. К. Яворов",43.4927682,27.8578008
ОУ "Димитър Минчев",43.640407,27.8333312
ОДЗ 30 "Радецки",42.6611584,23.3450121
65 ЦДГ "Ежко Бежко",42.6741548,23.4295872
65 ОУ Св. Св. Кирил и Методи,42.6744277,23.4337671
ОУ "Петър Бонев",42.0612179,24.5506736
бивше ОУ „Д-р Никола Димитров“,43.2331911,28.0018476
176 Основно Училище "Св. Св. Кирил и Методий",42.7717652,23.4053747
160 ОУ Св. Св. Кирил и Методий,42.7609021,23.4294983
ПГ по строителство и архитектура "Пеньо Пенев",43.5896036,27.8369973
ПГ по транспорт, обслужване и лека промишленост "Г. Бенковски",43.5902677,27.8384739
ПГ по механотехника и електротехника "М.В. Ломоносов",43.5720622,27.8031836
ПГ по транспорт, обслужване и лека промишленост "Г. Бенковски",43.5793259,27.8274459
Училищен комплекс „Азбуки“ и ЧЕГ „Проф. Иван Апостолов“,42.6636001,23.3638443
5 ОУ "Иван Вазов",42.6646725,23.2712473
156 ОУ „Васил Левски“,42.7848967,23.5018741
117 СУ „Св. Св Кирил и Методий“,42.7591212,23.5554618
162 ОУ Отец Пайсии,42.7404727,23.5084579
115 ОУ „Св. св. Кирил и Методий“,42.7217948,23.5306707
116 ОУ „Паисий Хилендарски“,42.732748,23.55833
159 ОУ Васил Левски,42.7334584,23.4719973
46 ОУ "Константин Фотинов",42.703464,23.315951
Национална гимназия за приложни изкуства "Св. Лука",42.7053616,23.3135033
Основно училище "Отец Паисий",43.9171561,26.0872973
ОУ "П.Р. Славейков",42.3249184,22.7814657
Основно училище "Иван Вазов",43.9636719,26.3374881
СУ "Св. Паисий Хилендарски",43.9438718,26.2082953
ДДЛРГ "Ана Гиздова",42.0249997,24.3765788
ДДЛРГ "Васил Петлешков",42.029298,24.3683186
Начално училище "Васил Петлешков",42.0232617,24.3777152
ПГ по строителство "Георги Златков",42.0257265,24.3732521
СОУ "Народни будители",42.0250495,24.3730717
ПГ по хранителни технологии " Атанас Ченгелов,42.0379708,24.2992377
СОУ "Свети Климент Охридски",42.0378933,24.2977492
ПГАВТ „Ал. Ст. Попов“,42.7084799,23.2963866
ОУ "Петко РачевСлавейков",42.0344177,24.3037424
ОУ "Любен Каравелов",42.0291295,24.3018413
ОУ "Свети Патриарх Евтимий",42.0316522,24.2938584
НУ "Михаил Куманов",42.0328477,24.317395
СОУ Васил Левски,43.470815,23.330555
Училище,41.9275492,23.4777507
ПГ по механизация на селското стопанство,41.8807102,23.4500119
ПГ по транспорт,41.8877257,23.4776406
СОУ "Братя Каназиреви",41.8829367,23.4570668
СОУ П. Р. Славейков,42.8667786,25.4903964
НУ "Яне Сандански",41.8898412,23.4620947
ОУ "Никола Парапунов",41.8873672,23.460311
Основно училище "Св. Св Кирил и Методий",43.9910931,26.4658581
ОУ Николай Райнов,43.1533026,25.9637605
СОУ „Иван Вазов“,42.6499919,24.7576933
157 Гимназия с изучаване на чужд език "Сесар Вайехо",42.6858861,23.3718014
61 ОУ "Св. Св. Кирил и Методий",42.7374933,23.2908899
54 СУ „Св. Иван Рилски“,42.7285777,23.3112445
ОУ Васил Левски,42.4689159,23.2809267
Св. Св. Кирил и Методий,43.0464275,25.8895205
ОДЗ Славейче,43.0491926,25.8835224
ПГМСС Никола Златарски,43.0383942,25.886782
91. Немска езикова гимназия „Проф. Константин Гълъбов“,42.697032,23.3167763
Професионална гимназия по подемна, строителна и транспортна техника,42.6974646,23.3133738
СОУ Вичо Грънчаров,43.1241331,25.6897219
III ОУ Св. св. Кирил и Методий,43.1183642,25.6819678
I ОУ Иван Вазов,43.1260393,25.6911189
ПГЕЕ М. В. Ломоносов,43.1291348,25.691867
СОУ Георги Измирлиев,43.1274384,25.6838822
ПТГ Васил Левски,43.1296331,25.6836658
ПГЛПИ Атанас Буров,43.1285402,25.7001425
130 СОУ Стефан Караджа,42.703166,23.3774046
ОУ Отец Паисий,43.7004481,27.842254
36 СУ Максим Горки,42.6729568,23.2857291
ОУ "Васил Левски",43.7027948,27.7656866
ОУ "Стефан Караджа",43.7352424,27.6401468
ОУ Св. Св. Кирил и Методий,43.6483824,26.3668403
Американски колеж в София,42.6324696,23.3678739
ПГЕ "А. Попов",41.740785,24.400541
94 СОУ Димитър Страшимиров,42.6904964,23.3822955
10 СУ Теодор Траянов,42.6505688,23.3719089
Строителен техникум,42.6893668,26.3250632
10-то СОУ Йордан Йовков,42.6863118,26.3381004
6 ОУ "Братя Миладинови",42.6702417,26.3309458
7-мо СОУ Панайот Хитов,42.6876041,26.33457
ПУ Власаки Шуманов,42.6871717,26.3379921
Национална природо-математическа гимназия,42.6708838,23.3292981
НУ "Отец Паисий",43.1926806,27.7065528
СОУ "Св. св. Кирил и Методий",43.1857776,27.7027486
Софийска Професионална Гимназия по Туризъм,42.7044247,23.3258023
СОУ "Св.Св.Кирил и Методий",41.7413855,24.0197565
ПГ "Васил Левски",41.6513824,24.1607159
СОУ "Димитър Благоев",41.6499031,24.1600926
НУ "Вергил Ваклинов",41.643874,24.1588026
СОУ "Никола Обретенов",43.8304527,25.9801653
ОУ "Цанко Церковски",43.6881431,23.852746
ПГ по химични технологии "Васил Левски",43.6920232,23.8461591
57 спортно училище „Св. Наум Охридски“,42.6996827,23.2924914
21 СОУ ,,Христо Ботев",42.6690435,23.31605
9-та ФЕГ "Алфонс Дьо Ламартин",42.6879993,23.3239162
СОУ Христо Ботев,43.6281329,22.6888523
Основно училище,43.3436867,23.6907925
Бивше училище,43.3004147,23.6700685
Училище,43.3684301,23.7136967
ОУ "Проф. Марин Дринов",42.4999888,24.1856653
СОУ "Нешо Бончев",42.5045748,24.1847818
Народно първоначално училище,42.5051041,24.1811008
ОУ "20-ти април",42.5061449,24.1802607
ОУ "Св. Св. Кирил и Методий",42.5050765,24.1928374
ПТГ "Инж. Никола Белопитов",42.5034257,24.1863915
Дом за деца лишени от роителски грижи,43.3506037,26.2137483
ОУ ''Ангел Кънчев'',43.836187,25.9500391
ОУ ''Ангел Кънчев'' 2,43.8332612,25.9482303
ПРОФ.Г-Я по Промишлени технологии "Атанас Буров",43.8452611,25.947133
СОУ "Христо Ботев",43.8449049,25.9483816
ОУ Иван Вазов,43.8451021,25.9553471
СОУ "Васил Левски",43.8312459,25.966663
Руски лицей София,42.6772215,23.3271253
107-мо Основно Училище "Хан Крум",42.6767562,23.3307692
ПГ Сергей Румянцев,43.1988826,24.1602639
19 СУ „Елин Пелин“,42.6866936,23.3030524
Професионална гимназия по дизайн „Елисавета Вазова“,42.6810587,23.308726
47 СУ „Христо Г. Данов“,42.679532,23.3087413
СОУ Иван Вазов,43.1967496,23.2851285
ОУ "Христо Ботев",43.1769552,23.2628163
Първа Частна Математическа Гимназия,42.6935704,23.3104517
76. ОУ "Уилям Сароян",42.6986277,23.3163363
108 СОУ Н. Беловеждов,42.6688146,23.3882214
СОУ Йордан Йовков,43.8402069,25.961024
64 ОУ "Цар Симеон Велики",42.6159992,23.3364007
Основно училище "Св.Св. Кирил и Методий",43.5726454,26.1955111
Основно училище "Св.Св.Кирил и Методий",42.5735573,24.8718299
ОУ "Св. св. Кирил и Методий",41.9363216,25.5410696
Основно училище "Неофит Рилски",42.5478305,24.8296598
1 СУ „Пенчо Славейков“,42.6993428,23.3305864
Основно училище "Отец Паисий",42.4841831,24.809592
Спортно Училище Майор Атанас Узунов,43.8530322,25.9830123
НУ Св. св. Кирил и Методий,42.8893132,24.7104243
НГПИ „Проф. Венко Колев“,42.889523,24.7155587
ПГМЕ СОУ Васил Левски,42.8896004,24.7066753
СОУ Тодор Кирков,43.1429569,24.7079193
123 СОУ "Стефан Стамболов",42.6988452,23.2774937
28 СУ Алеко Константинов,42.6966481,23.2853012
32 СУ с изучаване на чужди езици "Св. Кл. Охридски",42.7000323,23.3149775
ЧДГ ЧОУ Частна немска езикова гимназия Ерих Кестнер,42.7117341,23.2537485
Център за специална образователна подкрепа "Проф. дпн Георги Ангушев",42.7029891,23.2931052
113 СУ "Сава Филаретов",42.7040872,23.2922223
30 СУ „Братя Миладинови“,42.6988033,23.3069175
136 ОУ "Любен Каравелов",42.6992318,23.2990858
135 СУ „Ян Амос Коменски“,42.7054293,23.2829073
17 СУ Дамян Груев,42.705757,23.2769181
51 СУ „Елисавета Багряна“,42.6824742,23.2984152
75 ОУ "Тодор Каблешков",42.6922993,23.2682032
СОУ "Св.СВ.Кирил и Методий",42.5076906,24.3207553
2 СУ Акад. Емилиян Станев,42.6681866,23.274272
ССУ с ДГ за деца с увреден слух,42.6632217,23.2778217
ПГ "Стефан Божков",41.94347,24.2187393
ОУ "Отец Паисий",41.9447273,24.2161198
73 СУ „Владислав Граматик“,42.6627184,23.2989462
104 ОУ „Захари Стоянов“,42.6655417,23.2966535
121 СУ „Георги Измирлиев“,42.6655687,23.2941887
11 ОУ "Свети Пимен Зографски",42.6626811,23.3449292
Технологично училище електронни системи,42.6622312,23.3724139
145 ОУ Симеон Радев,42.648122,23.3846935
СОУ "Христо Ботев",42.2727874,24.5394455
Начално училище "Любен Каравелов",42.2664541,24.5453558
ПГ по битова и електротранспортна техника,42.6928686,23.2815787
4 ОУ "Проф. Джон Атанасов",42.6605142,23.3978213
148 Основно Училище „Проф. Д-р Любомир Милетич“,42.6857863,23.3730395
24 СОУ „Пейо Крачолов Яворов“,42.7068939,23.3527264
95 СУ ”Проф. Иван Шишманов”,42.7073098,23.3579048
85 ОДЗ Звездичка,42.6527037,23.3993421
100 ОУ „Найден Геров“,42.7146417,23.3010285
3 СУ "Марин Дринов",42.7104252,23.286565
33 Езикова гимназия "Света София" - филиал,42.7113405,23.2975545
43 ОУ "Христо Смирненски",42.7066741,23.3007821
48 ОУ "Йосиф Ковачев",42.7072468,23.3205693
Гимназия Св. Климент Охридски,42.1750912,26.5729359
Помощно училище "Н.Й.Вапцаров",42.1750286,26.5802421
Национална гимназия за древни езици и култури "Константин Кирил Философ",42.7268845,23.2702807
70 ОУ Св. Климент Охридски,42.7256518,23.2822895
29 СУ „Кузман Шапкарев“,42.7051649,23.3280427
Основно училище "Н.Й.Вапцаров",43.2299158,27.0014981
Училище,43.1346839,27.0339472
СОУ "Св.Св.Кирил и Методий",43.0683666,27.0135408
Васил Левски,43.0274957,25.0946035
1-во ОУ Христо Ботев,43.0274619,25.108765
1-во ОУ Христо Ботев,43.0278016,25.1046283
Частна Профилирана Гимназия "Леонардо да Винчи",43.5631762,27.8429362
училище Христо Ботев,43.5462374,23.9529881
ДФСГ "Интелект",43.4072718,24.6462015
НУ "Христо Ботев",43.4121605,24.6197203
СОУ "Анастасия Димитрова",43.4194168,24.6169033
ОУ "Д-р Петър Берон",43.4203825,24.5998853
СОУ "Стоян Заимов",43.4243622,24.5924889
ОУ "Никола Й. Вапцаров",43.4280776,24.5904418
СОУ "Иван Вазов",43.4132997,24.6245185
ОУ "Петко Р. Славейков",42.4954312,27.4782112
Езикова гимназия "Проф. Асен Златаров",41.9441601,25.5503744
ОУ Найден Геров,42.4566057,27.4082244
Гимназия по химични технологии Акад. Н. Зелински,42.5200281,27.4587537
Национално училище по изкуствата „Панайот Пипков”,43.410325,24.6247904
Професионална гимназия по морско корабоплаване и риболов „Свети Никола",42.4933581,27.4547317
Професионална Гимназия по Транспорт,42.499759,27.4790984
ОУ Георги Кирков,42.6210151,25.3852204
ОУ "Св. Климент Охридски",43.4029383,24.6335458
НУ „Неделя Петкова“,42.6537182,24.7570678
СОУ "Христо Ботев",41.7432912,24.4059579
Училище "Христо Ботев",42.8041093,23.0537079
ОУ "Елин Пелин",42.4602941,27.4194262
ПГ по лека промишленост Адалберт Антонов - Малчика / 5 СОУ Антон Попов,41.3995631,23.2165419
ОУ Проф. Пенчо Райков,42.8795077,25.4929087
ОУ „Никола Йонков Вапцаров“,42.9048655,23.7904611
ОУ „Никола Йонков Вапцаров“,42.9068169,23.7943577
Гимназия за чужди езици ''Васил Левски'',42.5090098,27.4717754
НУ "Васил Левски",42.0452885,24.4675355
НУ "Св. Св. Кирил и Методий",42.041413,24.4680388
Професионална гимназия по механоелектротехника "Н. Й. Вапцаров",42.6997412,23.3316691
НУ "Единство",43.4114388,24.6139187
4-то ОУ Димитър Петров,42.6788402,26.330563
НУ Христо Ботев,42.6688435,23.6024023
СОУ "Димитър Благоев",43.6163202,25.3437325
СОУ "Св. Климент Охридски",42.8708004,24.7116081
131 СУ „Климент Аркадиевич Тимирязев“,42.6334522,23.3804779
Secondary School "Otets Paisii",41.9326918,25.136002
ОУ "Св.Св.Кирил и Методий",42.721382,26.7520529
ОУ "Христо Ботев",42.7719693,26.8782246
СОУ П. К. Яворов,42.5975784,26.6966235
НБУ Михаил Лъкатник,42.5230164,27.4506874
Професионална гимназия по облекло „Княгиня Мария Луиза”,42.6704504,23.3210734
ОУ "Патриарх Евтимии",43.4091438,24.6239593
ПГ по облекло и текстил Христо Бояджиев,43.4106692,24.6195784
85 СУ Отец Паисий,42.711718,23.4158414
34 ОУ Стою Шишков,42.6707141,23.2871462
Национална професионална гимназия по полиграфия и фотография,42.672504,23.3018292
150 ОУ Цар Симеон Първи,42.6463819,23.4120248
СОУ Васил Левски филиал,42.6685732,23.5953766
СОУ "Олимпи Панов",43.8432578,25.9707581
СУ "Бачо Киро",43.2444231,25.2995542
ОУ "Св. Климент Охридски",43.2398378,25.30322
ОУ Свети "Иван Рилски",42.9870473,23.2509713
Основно училище "Св. Иван Рилски",41.9367277,25.555366
Основно училище "Христо Смирненски",41.9311898,25.5623782
СОУ "Св. Паисий Хилендарски",41.9261577,25.5649156
СУ „Константин Петканов“,42.4572105,27.4203484
СОУ Петко Росен,42.4636282,27.4172648
ПГ по хранително-вкусови технологии "Проф. д-р Г. Павлов",42.7106581,23.2873167
1 ОУ "Христо Ботев",43.2460894,26.571915
ОУ "Св. св. Кирил и Методий",42.1987079,24.792018
Св. Кирил и Методий,42.0793399,24.7548195
Музей-училище,42.8844875,24.7903539
ОУ д-р Иван Шишманов,43.1736722,27.9031601
СОУ Любен Каравелов,43.1836357,27.8917607
ОУ Христо Ботев,43.1819105,27.8960497
ЦДГ Пролетен цвят,42.6116488,23.1018575
СУ Св. Климент Охридски,42.6125607,23.0984078
ЦДГ "Чуден свят",42.613231,23.0899687
ТПУ Мария Кюри,42.6141822,23.0886548
72 ОУ Христо Ботев,42.6951748,23.2238406
СОУ "Христо Ботев",42.208142,24.1338959
СОУ "Христо Смирненски",42.2222652,24.119535
ОУ "Алеко Константинов",43.8302693,25.9524429
58 ОУ "Сергей Румянцев",42.7251264,23.3381726
СОУ Васил Левски,42.6648918,23.597655
СУЕЕ "Св. Константин-Кирил Философ",43.8552655,25.9739387
СОУ "Св. Княз Борис I",42.0132399,24.8780734
Професионална гимназия "Цар Иван Асен II",42.0163376,24.8601416
ОУ "Петко Каравелов",42.0154201,24.879416
Дом за деца лишени от родителски грижи "Таню Войвода",42.0071385,24.8694476
Помощно училище "Св. Архангел Михаил",42.0056288,24.8712429
ПГ ХВТ "Св. Димитрий Солунски",42.0070815,24.8773796
Професионална гимназия "Св. Патриарх Евтимий",42.0088917,24.8769578
94 ОДЗ,42.7655386,23.5677559
Националното училище за фолклорни изкуства Филип Кутев,42.8937667,26.4394855
СОУ ''Г.Ст.Раковски",42.8892627,26.4423903
ОУ "Христо Ботев",42.6004713,27.383603
126 ОУ "Петко Ю. Тодоров",42.6727115,23.2959988
98 НУ Кирил и Методи,42.7509496,23.3163659
ЧСОУ ЧДГ Дрита,42.6169392,23.3398643
166 Спортно училище „Васил Левски”,42.7015307,23.3630261
Природоматематическа гимназия "Проф. Емануил Иванов",42.272705,22.67371
Професионална Гимназия по Дървообработване и Горско Стопанство,42.2763905,22.6792378
2 ОУ „Даскал Димитри“,42.2857738,22.6937493
Основно училище „Св. св. Кирил и Методий”,42.2797833,22.6818444
125 СОУ „Проф. Боян Пенев“,42.6531894,23.3783564
82 ОУ Васил Априлов,42.631194,23.4094539
СУ Йордан Йовков,41.6386073,25.3732452
ОУ "Св. Св. Кирил и Методий",41.6474971,25.3684268
СУ Петко Рачов Славейков,41.6311419,25.3569602
СУ Владимир Димитров-Майстора,41.6212202,25.3811815
ОДК "Васил Левски",42.0113277,24.8770692
ОУ "Климент Охридски",41.6380312,25.3785373
СОУ "Възраждане",43.8528444,25.9660552
164 ГПИЕ "Мигел де Сервантес",42.6933478,23.3465087
129 ОУ "Антим I",42.693063,23.3474459
49 Основно училище "Бенито Хуарес",42.7015307,23.3630261
Св. Св. Кирил и Методи,43.6044159,25.0000077
Основно Училище "Васил Левски",42.0545466,24.7695021
Начално училище „Неделя Петкова“,42.6538807,24.7577281
Национален учебен комплекс по култура,42.6738712,23.2304546
ОУ Стоян Михайловски,43.2366955,27.8624603
66 СУ Филип Станиславов,42.6730804,23.261373
ПТГ "Никола Вапцаров",42.3329967,23.5496624
53 ОУ Николай Хрелков,42.6763977,23.2328344
Училище Кирил и Методий-продава се,43.6139281,26.023174
ОУ Йордан Йовков,42.4980664,26.5271385
ОУ Христо Смирненски,42.4819038,26.5183156
ОУ Д-р Петър Берон,42.4938282,26.5187341
СОУ "Козма Тричков",43.2030644,23.5479924
Частно училище "Св. Климент Охридски",42.666755,23.3585546
Частно Основно Училище "Света София",42.6580068,23.2508073
ОУ Св. Климент Охридски,42.488725,26.5133336
ПГХТТ,42.4747504,26.5293607
ПГПСТТ Никола Вапцаров,42.4736881,26.5313533
ОУ Любен Каравелов,42.4728192,26.5280478
ПТГ Иван Райнов,42.4844495,26.4968101
НУ Св. Св. Кирил и Методий,42.4819978,26.5057803
ОУ Николай Петрини,42.4765943,26.5084987
ПГСГ Кольо Фичето,42.4776105,26.5072624
МГ Атанас Радев / Г Васил Левски,42.4835893,26.5024771
ОУ Васил Левски,43.5301641,26.5288543
ПГИ Георги Раковски,42.4938356,26.4935999
ГПЧЕ Васил Карагьозов,42.4794936,26.488813
Спортно училище Пиер дьо Кубертен,42.4804924,26.4979891
ПГЕХТ Проф. д-р Пенчо Райков,42.4729386,26.5269448
Частно немско училище „Веда“,42.7218604,23.3047963
Бивше училище,41.3927188,26.1322161
Бивше училище,41.3725656,26.0758624
Ресурсен център Ямбол (РЦПППО),42.4849113,26.5134596
ОУ Петко Славейков,42.4892634,26.5080356
ОУ "Христо Смирненски",42.486485,26.0000824
СПТУ "Васил Левски",42.8425469,24.9152414
ПГ "Захарий Зограф",43.4184255,24.6359749
Поправителен дом,43.4682252,23.3358647
ОУ Христо Смирненски,42.5427904,22.9606853
ОДЗ Юрий Гагарин,43.0183736,23.0456988
НУ Христо Ботев,43.0190724,23.0474646
ПУ Интернат Васил Левски,43.0184392,23.0483702
СОУ "Цветан Радославов",43.6093128,25.3600661
ОУ Добри Чинтулов,43.2239939,27.8804938
СОУ Никола Вапцаров,41.5167482,23.8492237
ОУ Пейо Яворов,41.6110598,23.7846715
СОУ Св. св. Кирил и Методий,41.5957669,23.8081404
ОУ Кирил и Методий,42.5328824,26.5450405
ОУ "Христо Смирненски",43.7965779,25.9307044
ОУ Св. Паисий хилендарски,42.1751369,26.5724123
ОУ Св. Св. Кирил и Методий,42.1692913,26.5679473
СОУ Д-р Петър Берон,43.426452,26.9199417
ПГ по техника и технологии "Христо Ботев",41.5708242,24.7608909
ЕГ "Д-р Петър Берон",42.2771243,22.6751803
ОУ Климент Охридски,42.5142828,24.6926042
ОУ Христо Ботев,42.3850682,26.8200992
Професионална гимназия „Акад. Сергей П. Корольов“,42.2758083,23.1314204
Професионална гимназия по железопътен транспорт „Никола Корчев“,42.7186517,23.3115874
СОПЦ Княз Борис I,42.7048414,23.3547342
4 ОУ Христо Смирненски,41.3954208,23.2043704
Гимназия Пейо Яворов,41.3951932,23.2112392
1 ОУ Кочо Мавродиев,41.3948088,23.2148859
СОУ Никола Вапцаров,41.4008624,23.2091432
3 ОУ Гоце Делчев,41.3925644,23.2034511
ОУ"Христо Смирненски",42.3276572,23.8689925
ОДЗ Буковец,42.8954903,24.7074271
ЦДГ Осми март,42.8891982,24.7070288
ЦДГ Здравец,42.8937486,24.7099683
ОУ Иван Хаджийски,42.8849409,24.7083582
5 СУ "Георги Измирлиев",42.0248667,23.1035005
ОУ Васил Левски,43.137946,24.7146488
ОУ Неофит Рилски,42.8650853,25.3208366
СОУ Райчо Каролев,42.8820735,25.3220796
8-мо ОУ "Св. Св. Кирил и Методий",42.8884416,25.3132911
ПМГ акад. Иван Гюзелев,42.8650378,25.3234277
4-то СОУ Христо Ботев,42.8521304,25.3385976
Професионална техническа гимназия "Д-р Никола Василиади",42.8791594,25.315757
НУ Васил Левски,42.8684084,25.3188179
Национална априловска гимназия,42.8705775,25.3164035
Професионална гимназия по строителство,42.8667611,25.3016927
7-ОУ Никола Войновски,42.8646942,25.2973747
2 ОУ Димитър Благоев,42.0226198,23.0974262
153 ПГ "Неофит Рилски",42.7368182,23.311513
ЦДГ Мир,43.2743505,24.0887463
Търговска гимназия "Васил Априлов",43.278366,24.0861118
ЦДГ Бодра смяна / ЦДГ Звездица,43.2776362,24.0839248
ОУ Хр. Смирненски,43.2762198,24.0777897
Център за деца с увреждания,43.2837086,24.0857131
СОУ д-р Петър Берон,43.281353,24.0836243
ОУ Алеко Константинов,43.2771146,24.1148363
Частно немско училище "Веда",42.7147631,23.2997072
СОУ Д-р Петър Берон,42.1490407,26.8114897
ОУ „Елин Пелин‟,42.8608433,23.3705465
Христо Ботев,41.9892526,24.0796992
Увекинд,42.6552361,23.2258767
СУ "Отец Паисий",42.1390031,24.5378501
ОУ Христо Ботев,42.4477989,26.5369593
Професионална гимназия по горско стопанство „Христо Ботев“,42.0248618,23.9746401
Професионална гимназия по облекло "Ана Май",42.1471705,24.74648
ПГ "Васил Димитров",41.4937563,24.9480999
ОУ "Св.св.Кирил и Методий",43.2072499,27.9193124
Основно училище „Христо Ботев“,42.3564898,26.3619197
НУ Св. Патриарх Евтимий,43.2013839,27.7072178
НУ "Христо Ботев",41.5838335,25.1361689
СОУ "Васил Левски",41.5847995,25.137407
ПГ "Христо Смирненски",41.5784224,25.1354098
СОУ "Христо Ботев",42.0873246,23.0590395
ПУ „Петър Берон",43.8511071,25.9821888
ОУ "Светлина",41.5722816,23.9458808
ОУ "Св.Св.Кирил и Методий",43.2980887,23.2418656
ОУ "Васил Левски",42.0722164,25.4448889
Бивше училище,42.028893,25.5242489
Бившо училище,42.0437938,25.6807387
Бивше училище,41.9020486,25.0081848
ОУ "Св.Св.Кирил и Методий",41.863058,25.517389
ТХВП д-р А. Златаров,43.1271214,25.7018911
СОУ Св. Св. Кирил и Методий,42.849428,23.0321719
ПГ по икономика и туризъм,43.1900416,23.2914287
Оздравително училище Н.Й.Вапцаров,43.1918354,23.2814757
НУ "Васил Левски",43.19838,23.2963577
СУ „Св. Константин Кирил Философ“,42.1282455,24.7383397
ПГИ "Рачо Стоянов",42.980296,25.4754657
Основно училище св. Климент Охридски,43.3131198,25.9294121
ОУ Васил Левски,43.4919119,24.0730333
ПГ по механо-електротехника Христо Смирненски,43.4887896,24.0764214
ПГ по земеделие Стефан Цанов,43.4870657,24.0782011
ОУ "Отец Паисий",43.5049418,24.0921629
НУ "Кнежица",43.4978963,24.0740329
СОУ Неофит Рилски,43.5055211,24.0775887
СОУ Св. св. Кирил и Методий,42.6481327,26.9883375
ОУ "Елин Пелин",42.1329775,24.7252545
ПГ по транспорт Христо Смирненски,41.4707445,25.6533927
ОУ "Васил Левски",42.8237441,25.4797476
OУ "Кочо Честименски",42.2927031,24.2304566
Училище,42.3246822,24.1672817
ОУ "Св.Св.Кирил и Методий",42.2264458,24.3243608
ОУ Васил Левски,43.2936717,26.1831251
ОУ "Св.Св.Кирил и Методий",42.4022081,24.1242411
ОУ "Поп Грую",42.4652453,24.1387908
Бивше училище "Неофит Рилски",42.4244567,24.5327821
ОУ "Христо Смирненски",42.2371007,24.6851367
ЦПКК "Зелин" - Учебна база на БТК,42.8709012,23.8155964
ВТУ Стамен Пенчев,42.9002035,23.7925021
ДОВДЛРГ №7 Св. Иван Рилски,42.67557,23.2751621
ПМГ акад. проф. д-р Асен Златаров,42.9080804,23.7847722
ПГТМ Хр. Ботев,42.911517,23.7877157
ОУ Васил Левски,42.9112367,23.7931001
ОУ "П.Р.Славейков",42.5462672,25.9949183
ЧОУ Томас Едисън,42.6663373,23.2575153
ОУ "Св.Св.Кирил и Методий",42.5228345,26.1661184
ОУ "Георги Ал. Каравелов",42.6881098,26.0272738
ОУ "Климент Охридски",42.6317486,26.5355471
Социално педагогически интернат "Христо Ботев",42.6341491,26.5654778
ОУ "Св.Паисий Хилендарски",42.3381705,26.7356313
НУ "Св.Св.Кирил и Методий",42.0576923,27.7790762
ОУ Елин Пелин,42.6088933,23.1042423
ОУ Алеко Константинов,42.6080791,23.0974224
ОУ СВ.св.Кирил и Методий,43.5319711,23.2694889
ЧОУ "Проф. Николай Райнов",42.6726039,23.3159883
26 СУ „Йордан Йовков“,42.6640759,23.2442409
Висш евангелски богословски институт,42.6671057,23.2582724
99 ОБУ "Проф. Василка Томова",42.6765697,23.2408347
СОУ Д-р Петър Берон,42.8133197,23.1971386
ПГВМСС Св. Георги Победоносец,42.8135564,23.1984949
ОДЗ "Радост",42.8119981,23.2060769
ОДЗ "Пролет",42.8188943,23.2225129
Първо ОУ Васил Левски,42.8163279,23.222274
ОУ Отец Паисий,42.8455887,23.1431301
ОУ "Христо Ботев",42.923339,22.92657
СОУ "Христо Ботев",42.9240356,22.9294732
146 ОУ Патриарх Евтимий,42.7712525,23.2416711
ПГ по транспорт Н.Й.Вапцаров,42.8501597,23.0334531
Начално училище Сотир Димитров,42.8548996,23.0455896
Проф. Димитър Кацаров,42.6575581,23.2421175
ОУ Св. св. Кирил и Методий,42.6048394,23.1411516
ОУ Любен Каравелов,42.5785787,23.1134494
СУ Св. Св. Кирил и Методий,42.5848689,23.1130397
ОУ Св. Климент Охридски,42.5676879,23.1850028
СУ Иван Момчилов НУ Иларион Макариополски,42.934197,25.8782613
102 ОУ "Панайот Волов",42.7355119,23.3045486
141 ОУ „Стоян Омарчевски“,42.7382189,23.3087294
ПМГ Хр.Смирненски ОУ Св. Иван Рилски,42.6070007,23.0320704
ОУ Кракра Пернишки,42.6136896,23.0315463
ЦДГ Калина Малина,42.6136896,23.0315463
ОУ Петър Берон,42.6047169,23.0323257
ЧСОУ Св. Георги,42.632276,23.3112498
НУ Софроний Врачански,42.8890759,26.4482526
Surf school,42.8646394,27.898734
СУ Иван Вазов,42.4938796,26.0094346
ОУ Христо Ботев,42.646276,26.9753311
ПУ Минко Неволин,42.6472932,26.9778204
Основно училище "Бачо Киро",43.206517,25.3099948
Професионална гимназия по химични и микробиологични технологии "Проф. Пенчо Райков",42.7327488,23.3117199
ЦДГ Ален Мак,42.9830234,27.319627
ПМГ "Иван Вазов",42.0562673,25.5922946
ПГ проф. д-р Асен Златарев,42.0544458,25.6100622
ОУ "Пенчо Славейков",42.0564264,25.5986954
ПГ "Капитан Петко войвода",42.0634044,25.5849159
Езикова гимназия Иван Богоров,42.0515472,25.578618
Първа Детска градна,42.0510872,25.580737
ОУ "Алеко Константинов",42.0538456,25.5809301
ОУ "Св.Св.Кирил и Методий",42.0710286,25.5190945
СУ Св. св Кирил и Методий,42.545116,22.9623143
ТПГ Н. Вапцаров,42.5451772,22.9633647
ПГТ Юрий Гагарин,42.547828,22.9684234
ОУ "Пейо К.Яворов",42.0746661,25.6092516
СОУ Любен Каравелов,42.0635926,25.5887956
СОУ "Васил Левски",42.0519097,25.593794
170 СУ „Васил Левски“,42.8253343,23.3532463
ОУ Св. св. Кирил и Мртодий,42.0641469,24.702174
ОДЗ Веселушка,42.0643897,24.7036685
ОУ "Васил Левски",41.3825847,25.3809151
НУ "Йордан Йовков",41.4053118,25.366745
171 Основно училище „Стоил Попов“,42.7968441,23.3410062
ОУ "Иван Вазов",41.2965521,25.3049241
179 ОУ Васил Левски,42.8243079,23.2826446
Бивше училище,42.8422702,23.3154913
ДГ 102 „Кременица“ - филиал с. Кътина,42.8422702,23.3154913
ОУ "Васил Левски",41.3333102,25.2416977
ОУ "Никола Вапцаров",41.3805118,25.2547815
ОУ "Св.Св. Кирил и Методий",41.4904151,24.8455489
Дом за временно настаняване на деца „Вяра, Надежда, Любов“,42.7308456,23.3078894
ОУ "Христо Ботев",41.4332818,24.867492
ОУ Св. Димитър Солунски,43.1996211,27.7123672
Земеделска професионална гимназия "Кл. Тимирязев" гр. Сандански,41.5601215,23.2744019
62 ОУ Христо Ботев,42.7399014,23.2646892
Екзарх Антим I,42.6176661,25.3938194
СОУ П. К. Яворов,42.681517,26.3171526
Училищна Спортна Школа (УСШ),43.4185941,24.5954704
201 СОУ Св. Св. Кирил и Методий,42.6006602,23.4751763
ПГ по Хранително-вкусови технологии "Луи Пастьор",43.4182014,24.5950521
ПГДВА „Йосиф Вондрак",43.8536983,25.9614709
63 ОУ Христо Ботев,42.7745495,23.3131104
ДЦЛМУ „Света Марина”,42.6914854,23.292808
ДЦДУ "Свети Врач",42.6918878,23.293489
67 ОУ "Васил Друмев",42.6927299,23.296374
ОУ Св. Св. Кирил и Методий,42.6012538,26.6869488
ПГ по Механотехника „Юрий Гагарий",43.8551284,25.9641087
ПГ Стефан Караджа,42.1737176,26.5751891
ПМГ "Св. Климент Охридски",42.72904309277891,23.282588551692243
Св.Св. Кирил и Методи,42.3370997,27.1851835
СУ "Проф. д-р Асен Златаров",42.0959221,25.2192314
НУ "Христо Ботев",42.0973082,25.2264813
Професионална гимназия по механоелектротехника,43.4092511,24.6314421
ОУ Св. Климент Охридски,43.4434637,24.6142291
ПГЛВ "Ал. Стамболийски",43.4288416,24.5843846
Професионална гимназия по електроника и химични технологии "Проф. Асен Златаров",43.4089736,24.6081413
ТВУ "Хр. Ботев",43.5458935,24.5995487
Хуманитарна гимназия "Константин Преславски",43.2089842,27.9100236
ОУ "Св. св. Кирил и Методий",43.5745422,24.2826633
Професионална гимназия,42.3717341,23.0044186
ОУ "Никола Вапцаров",42.3639955,23.0058663
СОУ "Христо Ботев",42.3591491,23.0000426
ПГ Юрий Гагарин,42.6101823,23.0499962
ОУ Христо Ботев,42.6077772,23.050396
V СУ „П. Р. Славейков“,42.60566,23.0469352
ОУ Св. св. Кирил и Методий,42.1500725,23.0005022
9-то ОУ "Пейо К. Яворов" и ЧПГ по предприемачество и нови технологии "Полет",42.0027757,23.0968932
S.O.S. Детско селище,42.4093785,23.1649791
2 ОУ Никола Вапцаров,43.2363612,27.8834488
ОУ "Братя Миладинови",43.8593659,25.9729766
СУ Н.Й.Вапцаров,42.7095895,27.2561594
ОУ "Хр. Ботев",42.2555002,22.8544233
ОУ "Св. Св. Кирил и Методий",42.0990042,27.9399976
ОУ "Христо Ботев",42.3588926,23.3835939
СОУ Сава Савов,42.6997823,24.1703656
НУ Тодор Влайков,42.7027357,24.1754644
ПГ по механоелектротехника,42.6976193,24.1669446
НПГ по компютърни технологии и системи,42.894946,23.9069811
СУ "Кирил и Методий",41.9383268,24.2713077
Начално училище,43.2125558,24.1596108
ОУ Христо Ботев,43.3289988,24.2600118
Професионална гимназия по механоелектротехника,43.1550467,24.7145618
ОУ Св. св. Кирил и Методий,43.1405003,24.6877883
Професионална гимназия по икономика, търговия и услуги,43.1379512,24.7027546
ОУ Димитър Димов,43.1364169,24.702505
Природо-математическа гимназия,43.1350052,24.7030999
Профилирана езикова гимназия „Екзарх Йосиф I“,43.1330743,24.7135672
Помощно училище Васил Левски,43.1207123,24.7109651
ОУ Христо Кърпачев,43.2336108,24.8303303
ОУ Н.Й.Вапцаров,43.3275072,24.87023
191 ОУ Отец Паисий,42.5358667,23.3667722
Учебен център на Статистическия институт,43.0946335,24.7461294
Дом за деца лишени от родителски грижи „Параскева Нейкова”,43.138943,24.7138822
Бивше училище "Отец Паисий",43.3624415,24.1482706
СУ "Хр.Смирненски",43.3557266,24.1449117
ОУ Васил Левски,43.379973,24.0616524
ОУ Васил Левски,43.0988751,24.2763986
ОУ Н. Й. Вапцаров,43.5241638,26.5255138
ПГ по текстил и моден дизайн,43.1747895,27.9064779
Основно училище „Иван Вазов“,44.1124903,27.27129
НУ Васил Левски,43.1793742,27.89057
СОУ Бачо Киро,43.3109053,25.0617181
ОУ Христо Ботев,43.4078751,24.4406382
НУ Св. св. Кирил и Методий,43.4117047,24.4432377
Професионална гимназия по селско стопанство "Проф. Иван Иванов",43.4100617,24.4278751
ПГ по добив на полезни изкопаеми и газоснабдяване "Проф.Георги Златарски",43.4040298,24.4329691
ОУ Васил Левски,43.2186977,27.5611013
ОУ Васил Левски,43.2197864,27.5719417
ОУ Христо Смирненски,42.5600506,23.7047075
ПГ Алеко Константинов,43.1477035,23.7010694
ПГ по механизация и селско стопанство,43.1448322,23.7037644
НУ Св. св. Кирил и Методий,43.1437661,23.7072184
ОУ Иван Вазов,43.1469606,23.71269
Руска гимназия,43.148491,23.7129196
НУ Христо Ботев,43.1439622,23.7144978
ОУ Васил Кънчов,43.148129,23.6595767
ПГХЗ Д. Менделеев,43.8109596,23.2389599
Професионална гимназия,43.8133571,23.23321
ОУ Никола Първанов,43.8273115,23.2378291
СУ Димитър Маринов,43.8307097,23.232748
ОУ Константин Фотинов,43.8187727,23.2362182
Дом за деца "Милосърдие",43.8193772,23.2348622
ОУ Отец Паисий,43.8093381,23.2329343
ПУ д-р Петър Берон,43.80915,23.23174
СОУ Димитър Маринов,43.6911053,23.4454676
ОУ Иван Вазов,43.7005974,23.4456832
ОУ Васил Левски,43.6845863,23.4435654
ОУ Христо Смирненски,43.6367011,24.6912582
Бивше училище "Христо Ботев",42.3250451,25.448142
ОУ Петър Парчевич,43.3845227,22.885139
ОУ Отец Паисий,43.3874459,23.0304474
ОУ "Д-р Петър Берон",43.7286279,23.9580801
ОУ Христо Ботев,43.7367826,23.9630381
ОУ Св. св. Кирил и Методий,43.7346733,23.9627851
ОУ Никола Вапцаров,43.6710214,24.0019987
4 ОУ Г. С. Раковски,43.2268513,23.1512722
1 ОУ Никола Вапцаров,43.2296213,23.1230065
3 ОУ Иван Вазов,43.2331855,23.12517
ПУ Христо Ботев,43.2296213,23.1230065
Дом за психично болни деца,43.2219976,23.1166163
ПГ д-р Иван Панов,43.2364529,23.1242925
ОУ “ Христо Ботев “,42.6481714,27.6481416
ОУ Любен Каравелов,43.0934327,24.1473558
Национално училище по изкуствата "Добри Христов",43.2060295,27.9226006
ПГ по земеделие Васил Левски,44.1468082,22.6402265
Основно училище,44.121364,22.6476689
84-то ОУ Васил Левски,42.6178738,23.4167683
Основно Училище "Г. С. Раковски,42.0466516,25.4291761
СОУ Йордан Йовков,43.747106,27.4032234
59-то ОУ Васил Левски,42.7169998,23.3464879
СУ Никола Войводов,43.2238555,23.5460719
ПТГ Н.Й.Вапцаров,43.2157283,23.5397303
ОУ Васил Левски,43.196777,23.5660746
НУ П.Р.Славейков,43.199836,23.5558559
ПУ интернат д-р Петър Берон,43.1940934,23.5647643
ПГ по химични технологии Мария Кюри,43.1950515,23.5711109
ОУ Христо Ботев,43.2022662,23.5543402
ППМГ акад. Иван Ценов,43.2042476,23.556124
НУ Св. Софроний Врачански,43.2075787,23.5472566
ОУ Св. св. Кирил и Методий,43.2139522,23.5515436
СОУ по мениджмънт и чужди езици Васил Кънчов,43.2116005,23.5461035
ПГ Димитраки Хаджитошин,43.2150509,23.553185
ПГ по машиностроене,43.2132618,23.5568093
ПГ по търговия и ресторантьорство,43.21118,23.5549246
СУ Отец Паисий,43.2079028,23.5536167
Основно училище "Г. С. Раковски",42.2480024,25.2509553
Професионално Училище по Техника и Облекло "Дочо Михайлов",43.743305,27.414002
ОУ Св. Св. Кирил и Методий,43.1591531,25.7388467
ОУ Елин Пелин,43.1520834,25.6584495
Международно висше бизнес училище,42.6559292,23.3186056
СУ Антон Страшимиров - ПГИ "Д-р Иван Богоров",43.2318247,27.8759741
СОУ Неофит Бозвели,43.2312398,27.8857202
Училище,42.0668548,24.0100395
Училище,42.0665226,24.0103204
ДГ "Дора Габе",41.5716723,23.2806521
Частно езиково училище "Дорис Тенеди",42.6761432,23.2930809
Дом за социални грижи за деца с умствена изостаналост „Вяра, надежда и любов“,43.1336765,23.7003808
СУ "Иван Вазов",41.9925746,23.0873112
ПГ по селско стопанство и лека промишленост,42.6511238,26.9893654
НУ Хр.Смирненски,42.6489975,26.9814117
НУ П.Р.Славейков,42.6416721,26.9744831
СУ Христо Ботев,42.700773,27.2491936
ПГ по селско стопанство "Златна нива",42.696094,27.2554718
НУ Атанас Манчев,42.6963634,27.2624152
НУ Любен Каравелов,42.7062241,27.2469042
НУ Св. св. Кирил и Методий,42.7000722,27.2570158
ОУ Иван Вазов,42.7820563,27.3985574
СОУ Хр.Смирненски,43.4024655,28.048147
СОУ Отец Паисий,42.8733748,27.079111
СОУ Св. св. Кирил и Методий,43.3725696,23.4818238
ПГ по икономика,43.7416784,22.7252561
ОДЗ Слънце,43.7418116,22.725514
Българско Школо,42.6366341,23.3681038
СУ "Васил Левски",43.8912769,22.5234986
НУ Христо Ботев,43.8853077,22.5156776
ДГ 11 „Мики Маус“,42.6583805,23.3748262
ОУ Христо Ботев,43.8332351,22.6587092
ОУ Христо Ботев,43.9187537,22.8208599
СУ по земеделие Г.М.Димитров,43.9004916,22.8004043
НУ Васил Левски,43.9570686,22.5327074
ОУ Христо Ботев,43.7653887,22.4736936
ОУ Кирил и Методий,42.9032392,23.804471
Международното Френско училище във Варна,43.2287686,28.0093927
ТУ Юрий Гагарин,43.4096262,23.2281855
ЕТУ Христо Ботев,43.4103676,23.217499
Строителен техникум Пеньо Пенев,43.4103676,23.217499
СУ Н.Й.Вапцаров,43.408444,23.2109516
СУ Христо Ботев,43.4001674,23.2362899
СПТУ по транспорт,43.3932583,23.2357578
7 и 8 начално училище,43.4211691,23.2179632
7 СОУ Й.Радичков,43.4191204,23.2251208
Финансово-стопанска гимназия Васил Левски,43.4031044,23.2290769
1 ОУ Св. св. Кирил и Методий,43.4028999,23.2215128
ОУ Отец Паисий,43.4055696,23.1173465
3-то ОУ д-р Петър Берон,43.4140834,23.2231252
3 ОУ „Димитър Талев“,42.0181247,23.0915406
ПГСАГ ,,Васил Левски",42.0171618,23.0934828
ОУ Георги Бенковски,43.4340812,23.214712
CОУ Св. Климент Охридски,43.2033288,27.9184927
ОУ "Св. Климент Охридски",42.1476249,24.2931648
ПГИ "Иван Илиев",42.0019634,23.0961158
ОУ Любен Каравелов,42.0604699,25.2656563
Zlatarski International School,42.6472017,23.3550991
7 СУ "Кузман Шапкарев",42.0143299,23.0895853
4 СОУ Димчо Дебелянов,42.0136126,23.0773145
бивше ПУ "Станата",43.3433338,27.190386
СУ "Васил Левски",43.3431904,27.1950327
ОУ Христо Ботев,42.089885,24.8193386
НГПИ Тревненска школа,42.8731788,25.4976793
СУ "Сава Доброплодни",43.2707294,26.9392082
ПЕГ "Никола Й. Вапцаров",43.2708625,26.9382185
СУ "Йоан Екзарх Български",43.2690801,26.9382447
ОУ Граф Николай Павлович Игнатиев,42.2792729,24.7421137
139 ОУ Захарий Круша,42.6757781,23.3159192
ПГ по туризъм Иван Марангозов,42.8215995,24.9469126
СУ Васил Левски,41.9796437,27.524416
86 ОУ Св. Климент Охридски,42.630811,23.1951991
СУ Св. св. Кирил и Методий,43.1010181,24.417261
НПГПТО „М. В. Ломоносов“ (Корпус практика),42.7097359,23.2844572
ОУ "Стефан Стефанов",42.6313144,23.5807071
НУ "Отец Паисий",42.623573,23.5803496
103 ОУ Васил Левски,42.71986,23.2326068
78 СУ Христо Смирненски,42.7122717,23.1384333
Професионална гимназия по лека промишленост "Райна Княгиня",42.5049735,24.1855028
ЕСПУ "св. св. Кирил и Методий",42.0272452,23.9852246
ОУ "Отец Паисий",42.5357425,23.608006
ОУ "Св. Св. Кирил и Методий",42.6061625,23.5959914
бивш училищен двор,42.6711349,23.65041
СОУ "Иван Вазов" начален етап,42.9647393,23.3425908
ПГ "Велизар Пеев",42.9605609,23.3469085
СОУ "Иван Вазов",42.9645878,23.3422786
СУ "Крум Попов",43.3588861,25.138966
НУ "Христо Ботев",43.3636513,25.1413488
ОУ "Максим Горки",43.3597578,25.1343047
Професионална гимназия по строителство и архитектура,42.2005681,24.3352663
ПГ по селско стопанство и транспорт "Никола Вапцаров",43.3499968,25.1422665
НУ "Св. Св. Кирил и Методий",42.0864632,26.3360714
СУ "Д-р Петър Берон",42.0869708,26.3290468
ПГДС Цар Иван Асен II,41.946319,25.5523083
ФСГ "Атанас Буров",41.9367168,25.5372509
ОУ Шандор Петьофи,41.9456589,25.5571104
Sun Ray School,42.0976517,24.7261869
ОУ "Св. Св. Кирил и Методий",42.6614502,24.0568042
Основно училище "Христо Ботев",44.0966626,22.7620449
СУ Св. св. Кирил и Методий,42.4751495,22.7463344
СУ Цанко Церковски,43.3735979,25.6296365
ОУ "Св. Иван Рилски",43.2188562,27.8887355
ОУ "Гоце Делчев",41.5744604,23.7305017
ПМГ "Яне Сандански",41.5750493,23.728908
ОУ "Аверкий Попстоянов",42.1284978,23.1312563
Обединено училище Св. Св. Кирил и Методий,42.6687954,23.6840649
1-во СОУ "Хаджи Мина Пашов",42.6837816,26.311122
Основно училище „Неофит Рилски“,42.2541129,23.1241393
ОУ „Св. св. Кирил и Методий“,42.2597708,23.1158486
СУ "Климент Охридски",42.2579444,23.1047577
СУ Св. Паисий Хилендарски,42.2653796,23.1079609
ОУ Христо Ботев,42.3161783,23.2058233
ОУ “Н.Икономов”,43.5325535,26.5204797
ОУ Иван Вазов,43.2030672,23.5618019
ОУ Васил Левски,42.4866099,27.3777942
НУ "П.Р.Славейков",43.1470564,23.9256049
Икономиката,43.2475102,26.5668131
ОУ"Любен Каравелов",43.3498982,26.2237966
СУ "Христо Ботев",43.3512218,26.2232959
ОУ "Христо Ботев",43.4690275,23.9428848
Климент Охридски,43.4701189,23.9407778
СУ "Св. Св. Кирил и Методий",41.5778836,24.6954035
Езикова Гимназия Акад. Людмил Стоянов,42.0177835,23.084859
СОУ Васил Левски,41.4761419,25.6528644
НУ "Хаджи Димитър",42.6748533,26.3083361
ОУ "Никола Й. Вапцаров",41.9362251,25.560653
ОУ Васил Левски,42.6805283,26.3218774
СУ "Св. Св. Кирил и Методий",42.2393771,24.8196193
ПГИМ "Йордан Захариев,42.2910885,22.6884024
Алеко Константинов,43.2478765,27.8459472
СОУ “Христо Ботев”,43.523701,26.5170075
192 СОУ Христо Ботев,42.5825546,23.3574009
Варненска търговска гимназия Г.С.Раковски,43.2066855,27.919829
12-то СОУ "Отец Паисий",42.8944418,25.3122655
Васил Левски,42.8879269,25.3184692
71 СОУ Пейо Яворов,42.6563879,23.4622111
Професионална гимназия по туризъм „Пенчо Семов",42.8633539,25.3301624
1-во ОУ "Ран Босилек",42.8753596,25.3224498
Детска ясла „Славейче,42.8885683,25.3221278
ОУ "Отец Паисий",43.6722362,26.9174747
ПГСГД "Николай Хайтов",43.2233782,27.8980889
ОУ "Константин Арабаджиев" - филиал,43.2061144,27.9032285
Професионална гимназия по туризъм „Проф. Асен Златаров“,43.2107203,27.929038
Професионална Гимназия по Текстил и Моден Дизайн,43.2139404,27.9246665
84 ОУ „Васил Левски“,42.6100044,23.4107321
50 ОУ „Васил Левски“,42.6297408,23.3091358
ОУ "Стефан Караджа",43.217371,27.9180294
177 ОУ "Св.св. Кирил и Методи",42.7824112,23.3862832
6-то ОУ Иван Вазов,42.8541645,25.3177641
ПГ по туризъм,42.7090634,23.1424511
ОУ "Христо Смирненски",43.4640236,23.9272353
Трето Основно Училище "Христо Ботев",41.5591574,23.2806032
Англо-американско училище,42.6149998,23.3909189
Британика парк скуул,42.6345247,23.3188302
Пейо Яворов,43.2424056,27.8445524
СУ "Христо Топракчиев",42.7667759,23.1984888
122 ОУ "Никола Лилиев",42.6751373,23.3226218
Средношколско общежитие "Михаил Колони",43.2173815,27.9123875
Основно училище "Д-р Петър Берон",43.0464706,25.6267005
Професионална Гимназия по Машиностроене "Никола Йонков Вапцаров",43.0402872,25.6183544
ОУ Св. Св. Кирил и Методий,42.9580527,24.9563621
Професионална гимназия по транспорт и машиностроене,42.9613385,24.9699502
ЧОУ и ЧДГ „Д-р Петър Берон“,42.6512996,23.318806
ПГ по механотехника,42.6756711,26.3311179
ОУ Св. Св. Кирил и Методий - Петко Славейков,43.0564958,24.9719457
Френско училище и детска градина „Виктор Юго“,42.6420764,23.3323673
Св. Св. Кирил и Методий,42.209982,27.8077391
ОУ Св. Св.Кирил и Методий,42.6306322,25.7909788
Ученическа спортна школа "София",42.667886,23.2963757
ОУ "Св. Св. Кирил и Методий",41.429853,23.3433857
ПГ по земеделие «Земя»,43.2053685,27.4416597
II ОУ Иван Вазов,43.1824916,27.4428916
Второ СУ "Проф. Никола Маринов",43.2414856,26.5639956
НУ по изкуствата "Проф. Веселин Стоянов",43.8480711,25.9500279
Димчо Дебелянов,43.2037822,27.9073363
Училище "Христо Ботев",42.0172136,25.2951871
СОУ "Любен Каравелов",42.1537266,24.7588604
НУЛЦ на БЧК - Лозен,42.5969404,23.5067712
ОУ „Юрий Гагарин“,41.5848376,24.685325
ЧПГУТ „Константин Фотинов“,41.5850566,24.6854574
2 ОУ „Проф. д-р Асен Златаров“,41.5703418,24.730232
ПМГ „Васил Левски“,41.56736,24.7343211
ПГ по приложни изкуства,41.56738,24.738375
СУ "Св. Климент Охридски",43.0510951,27.3431106
4 ЦДГ Слънчо,42.6266957,23.1955381
Бивше училище,42.0848264,22.7192344
77 ОУ „Кирил и Методий“,42.7195501,23.2211496
106 ОУ Григорий Цамблак,42.6990127,23.3813751
Св. Св. Кирил и Методий,42.990972,27.7986529
Бивше 87 ОУ „Васил Левски“,42.7475112,23.6039883
Основно училище "Св. Св. Кирил и Методий",41.8607107,23.1260119
Бивше училище,41.8242726,26.3641501
НСУ София,42.6786434,23.2515678
ОУ Христо Ботев,42.5660192,27.617917
училище Отец Паисий,41.9232233,25.9147849
Основно училище "Васил Левски",43.0032746,23.3443345
Бивше училище "Климент Охридски",41.5814643,22.9945122
ОУ Св. Св. Кирил и Методий,42.8979269,22.8602675
Пето основно училище,43.2723323,26.9103035
Климатично училище „Д-р Тота Венкова“,42.789542,25.2533163
ГПЧЕ Симеон Радев,42.6079563,23.0988812
СУ Темелко Ненков,42.6089374,23.0425289
СУ Христо Ботев,43.9918675,22.859393
Помощно училище "Васил Друмев",43.2622048,26.9374658
СУ "Максим Райкович",42.976543,25.4742245
СОУПНЕ Фридрих Шилер,43.8481654,25.9861538
Професионална гимназия по облекло и стопанско управление,42.2663995,23.1166841
Гео Милев,42.194375,25.0446041
ОУ Св. Климент Охридски,43.2763373,27.9664131
ОУ "Алеко Константинов",41.9335149,25.535505
155 ОУ Св. Св. Кирил и Методий,42.6825406,23.4641562
Отец Паисий,42.4928466,26.0039507
СОУ Трайко Симеонов,43.2766002,26.9064615
СОУ "Христо Смирненски",42.6577614,25.795936
VI СУ „св.св.Кирил и Методий“,42.5970927,23.0235894
ОУ "Св. Св. Кирил и Методий",44.0916536,22.9674922
Основно училище „Христо Ботев“,43.3585314,27.6725293
Основно училище „Никола Йонков Вапцаров“,41.567411,25.4091359
ОУ "Христо Ботев",41.5536474,23.7469763
Основно училище "Христо Ботев",42.8306568,23.9936417
Професионална гимназия по хранително-вкусови и химични технологии,42.2608239,23.1144701
Профилирана гимназия „Христо Ботев“,42.2664844,23.1184278
Основно училище „Евлоги Георгиев“,42.2679078,23.1240835
ОУ „Христаки Павлович“,42.2697115,23.1286452
Професионална гимназия по автотранспорт,42.2594,23.1216673
ТЕЕ "Мария Склодовска Кюри",42.6684031,26.3209704
ОУ „Св. Климент Охридски“,43.3538632,26.2295286
СУ "Панайот Волов",43.3131591,27.154771
ОУ "Никола Вапцаров",43.3509125,27.194112
ПГ по Селско Стопанство,43.3489298,27.1860772
Бивше училище,43.5412852,25.5845161
СОУ "Паисий Хилендарски",42.71677,24.137648
СУ „Проф. Д-р Асен Златаров“,43.9701397,22.8669744
Благоевградска професионална гимназия „Ичко Бойчев“,42.0189986,23.0809249
ОУ Васил Априлов,42.5042408,27.4738468
Професионална гимназия по лека промишленост "Владимир Димитров-Майстора",42.2905513,22.7001196
ОУ "Отец Паисий",41.9035126,25.0009272
ЦСОП „Д-р Петър Берон”,41.9378099,25.5376575
ОУ "Васил Левски",42.9779533,23.7280858
СГСАГ "Христо Ботев",42.6853256,23.3308535
II ОУ "Христо Ботев",42.6790118,26.3099186
СОУ "Д-р Иван  Селимински",42.6830696,26.3227938
ОУ Иван Вазов,42.8490833,22.9860227
175 ОУ Васил Левски,42.7844103,23.2745175
ОУ "Христо Ботев",43.5999185,27.2175475
ОУ Христо Ботев,43.8330352,22.660332
ОУ "Христо Ботев",42.9621215,24.0493481
ОУ "Любен Каравелов",42.9386595,24.0098322
ОУ „Св. Св. Кирил и Методий“,43.0287083,23.752411
ОУ Цани Гинчев,43.4688357,23.94704
СУ "Св. Св. Кирил и Методий",44.1509951,22.6411624
СУ "Климент Охридски",43.0487241,27.349175
ПМГ "Екзарх Антим I",43.9908281,22.8814555
200 ОУ Отец Паисий,42.6031533,23.4955859
Св. Св. Кирил и Методий,42.6327006,23.6872236
НУ "Св. Св. Кирил и Методий",41.8854131,23.4644256
Професионална гимназия по транспорт,42.2874602,24.1327408
ПГ Н. Й. Вапчаров,41.9467586,23.5600603
ПГТ "Александър Паскалев",41.9320141,25.5437183
СУ "Любен Каравелов",42.1504268,24.7600772
ОУ Христо Ботев,43.3473929,24.7950103
Спортно училище Г. Бенковски,43.4096507,24.6058827
ПГ ПО ОБЛЕКЛО "СТАНКА НИКОЛИЦА СПАСО-ЕЛЕНИНА",43.5258277,26.5111095
Любен Каравелов,42.659798,27.7205797
ОУ Отец Паисий,43.705841,27.2913657
Професионална гимназия по икономика и мениджмънт,42.201866,24.3255093
Възпитателно училище-интернат „Ангел Узунов“,41.9739444,24.0892611
British School of Sofia,42.6474112,23.3272147
Училище по туризъм,42.694495,27.7039632
Училище Христо Смирненски,41.9282707,25.8919009
СУ "Васил Левски",43.0300833,24.097679
Основно училище „Пейо Крачалов Яворов“,41.6468986,25.3657909
ОУ "Проф. Иван Батаклиев",42.1914933106032,24.330512375453896
Професионална гимназия по туризъм „Пенчо Семов",42.86340362312071,25.33154511039833
СОУ "Стоян Михайловски",42.127086856964716,24.725455098727394,
СОУ "Константин Величков",42.73473806893147,23.292887279387543
ПГ ИТOK "Екзюпери",42.16430495283618,24.739713225712055
СОУ "Никола Вапцаров",42.162506419592674, 24.7564733833843
22 СУ „Георги Ст. Раковски“,42.6848467521868,23.314445981554325
СУ "Летец Христо Топракчиев",42.7608048747371,23.205075296902297
44 СОУ "Неофит Бозвели", 42.70125590191261,23.36747858340833
4 ОУ "Христо Смирненски",42.66068106663574, 23.398960341078922
